Using pre-set license
Built from '6000.0/staging' branch; Version is '6000.0.57f1 (b7b9860b7bbd) revision 12040582'; Using compiler version '193933523'; Build Type 'Release'
OS: 'Windows 11  (10.0.26100) 64bit CoreSingleLanguage' Language: 'en' Physical Memory: 16075 MB
BatchMode: 1, IsHumanControllingUs: 0, StartBugReporterOnCrash: 0, Is64bit: 1
Date: 2025-10-08T07:15:17Z

COMMAND LINE ARGUMENTS:
E:\Unity\6000.0.57f1\Editor\Unity.exe
-adb2
-batchMode
-noUpm
-name
AssetImportWorker2
-projectPath
D:/SEMESTER 5/GAME CERDAS/FP
-logFile
Logs/AssetImportWorker2.log
-srvPort
56446
-job-worker-count
9
-background-job-worker-count
8
-gc-helper-count
1
-name
AssetImport
Successfully changed project path to: D:/SEMESTER 5/GAME CERDAS/FP
D:/SEMESTER 5/GAME CERDAS/FP
[UnityMemory] Configuration Parameters - Can be set up in boot.config
    "memorysetup-bucket-allocator-granularity=16"
    "memorysetup-bucket-allocator-bucket-count=8"
    "memorysetup-bucket-allocator-block-size=33554432"
    "memorysetup-bucket-allocator-block-count=8"
    "memorysetup-main-allocator-block-size=16777216"
    "memorysetup-thread-allocator-block-size=16777216"
    "memorysetup-gfx-main-allocator-block-size=16777216"
    "memorysetup-gfx-thread-allocator-block-size=16777216"
    "memorysetup-cache-allocator-block-size=4194304"
    "memorysetup-typetree-allocator-block-size=2097152"
    "memorysetup-profiler-bucket-allocator-granularity=16"
    "memorysetup-profiler-bucket-allocator-bucket-count=8"
    "memorysetup-profiler-bucket-allocator-block-size=33554432"
    "memorysetup-profiler-bucket-allocator-block-count=8"
    "memorysetup-profiler-allocator-block-size=16777216"
    "memorysetup-profiler-editor-allocator-block-size=1048576"
    "memorysetup-temp-allocator-size-main=16777216"
    "memorysetup-job-temp-allocator-block-size=2097152"
    "memorysetup-job-temp-allocator-block-size-background=1048576"
    "memorysetup-job-temp-allocator-reduction-small-platforms=262144"
    "memorysetup-allocator-temp-initial-block-size-main=262144"
    "memorysetup-allocator-temp-initial-block-size-worker=262144"
    "memorysetup-temp-allocator-size-background-worker=32768"
    "memorysetup-temp-allocator-size-job-worker=262144"
    "memorysetup-temp-allocator-size-preload-manager=33554432"
    "memorysetup-temp-allocator-size-nav-mesh-worker=65536"
    "memorysetup-temp-allocator-size-audio-worker=65536"
    "memorysetup-temp-allocator-size-cloud-worker=32768"
    "memorysetup-temp-allocator-size-gi-baking-worker=262144"
    "memorysetup-temp-allocator-size-gi-baking-worker=262144"
    "memorysetup-temp-allocator-size-gi-baking-worker=262144"
    "memorysetup-temp-allocator-size-gi-baking-worker=262144"
    "memorysetup-temp-allocator-size-gi-baking-worker=262144"
    "memorysetup-temp-allocator-size-gfx=262144"
Player connection [2132]  Target information:

Player connection [2132]  * "[IP] 192.168.206.1 [Port] 0 [Flags] 2 [Guid] 1601763904 [EditorId] 1601763904 [Version] 1048832 [Id] WindowsEditor(7,khassss) [Debug] 1 [PackageName] WindowsEditor [ProjectName] Editor" 

Player connection [2132]  * "[IP] 192.168.153.1 [Port] 0 [Flags] 2 [Guid] 1601763904 [EditorId] 1601763904 [Version] 1048832 [Id] WindowsEditor(7,khassss) [Debug] 1 [PackageName] WindowsEditor [ProjectName] Editor" 

Player connection [2132]  * "[IP] 192.168.56.1 [Port] 0 [Flags] 2 [Guid] 1601763904 [EditorId] 1601763904 [Version] 1048832 [Id] WindowsEditor(7,khassss) [Debug] 1 [PackageName] WindowsEditor [ProjectName] Editor" 

Player connection [2132]  * "[IP] 169.254.59.219 [Port] 0 [Flags] 2 [Guid] 1601763904 [EditorId] 1601763904 [Version] 1048832 [Id] WindowsEditor(7,khassss) [Debug] 1 [PackageName] WindowsEditor [ProjectName] Editor" 

Player connection [2132]  * "[IP] 192.168.100.106 [Port] 0 [Flags] 2 [Guid] 1601763904 [EditorId] 1601763904 [Version] 1048832 [Id] WindowsEditor(7,khassss) [Debug] 1 [PackageName] WindowsEditor [ProjectName] Editor" 

Player connection [2132] Host joined multi-casting on [225.0.0.222:54997]...
Player connection [2132] Host joined alternative multi-casting on [225.0.0.222:34997]...
JobSystem: Creating JobQueue using job-worker-count value 9
Input System module state changed to: Initialized.
[Physics::Module] Initialized fallback backend.
[Physics::Module] Id: 0xdecafbad
Library Redirect Path: Library/
[Physics::Module] Selected backend.
[Physics::Module] Name: PhysX
[Physics::Module] Id: 0xf2b8ea05
[Physics::Module] SDK Version: 4.1.2
[Physics::Module] Integration Version: 1.0.0
[Physics::Module] Threading Mode: Multi-Threaded
Refreshing native plugins compatible for Editor in 1.52 ms, found 3 plugins.
Preloading 0 native plugins for Editor in 0.00 ms.
Initialize engine version: 6000.0.57f1 (b7b9860b7bbd)
[Subsystems] Discovering subsystems at path E:/Unity/6000.0.57f1/Editor/Data/Resources/UnitySubsystems
[Subsystems] Discovering subsystems at path D:/SEMESTER 5/GAME CERDAS/FP/Assets
GfxDevice: creating device client; kGfxThreadingModeNonThreaded
Direct3D:
    Version:  Direct3D 11.0 [level 11.1]
    Renderer: NVIDIA GeForce RTX 3050 Ti Laptop GPU (ID=0x2523)
    Vendor:   NVIDIA
    VRAM:     3962 MB
    Driver:   32.0.15.5597
Initialize mono
Mono path[0] = 'E:/Unity/6000.0.57f1/Editor/Data/Managed'
Mono path[1] = 'E:/Unity/6000.0.57f1/Editor/Data/MonoBleedingEdge/lib/mono/unityjit-win32'
Mono config path = 'E:/Unity/6000.0.57f1/Editor/Data/MonoBleedingEdge/etc'
Using monoOptions --debugger-agent=transport=dt_socket,embedding=1,server=y,suspend=n,address=127.0.0.1:56704
Begin MonoManager ReloadAssembly
Registering precompiled unity dll's ...
Register platform support module: E:/Unity/6000.0.57f1/Editor/Data/PlaybackEngines/WindowsStandaloneSupport/UnityEditor.WindowsStandalone.Extensions.dll
Registered in 0.002128 seconds.
- Loaded All Assemblies, in  0.433 seconds
Native extension for WindowsStandalone target not found
Mono: successfully reloaded assembly
- Finished resetting the current domain, in  0.326 seconds
Domain Reload Profiling: 759ms
	BeginReloadAssembly (204ms)
		ExecutionOrderSort (0ms)
		DisableScriptedObjects (0ms)
		BackupInstance (0ms)
		ReleaseScriptingObjects (0ms)
		CreateAndSetChildDomain (1ms)
	RebuildCommonClasses (42ms)
	RebuildNativeTypeToScriptingClass (12ms)
	initialDomainReloadingComplete (40ms)
	LoadAllAssembliesAndSetupDomain (134ms)
		LoadAssemblies (202ms)
		RebuildTransferFunctionScriptingTraits (0ms)
		AnalyzeDomain (132ms)
			TypeCache.Refresh (130ms)
				TypeCache.ScanAssembly (117ms)
			BuildScriptInfoCaches (0ms)
			ResolveRequiredComponents (0ms)
	FinalizeReload (326ms)
		ReleaseScriptCaches (0ms)
		RebuildScriptCaches (0ms)
		SetupLoadedEditorAssemblies (286ms)
			LogAssemblyErrors (0ms)
			InitializePlatformSupportModulesInManaged (21ms)
			SetLoadedEditorAssemblies (4ms)
			BeforeProcessingInitializeOnLoad (56ms)
			ProcessInitializeOnLoadAttributes (157ms)
			ProcessInitializeOnLoadMethodAttributes (48ms)
			AfterProcessingInitializeOnLoad (0ms)
			EditorAssembliesLoaded (0ms)
		ExecutionOrderSort2 (0ms)
		AwakeInstancesAfterBackupRestoration (0ms)
========================================================================
Worker process is ready to serve import requests
Import Worker Mode flag is 0x00
Begin MonoManager ReloadAssembly
- Loaded All Assemblies, in  0.782 seconds
Refreshing native plugins compatible for Editor in 0.58 ms, found 3 plugins.
Native extension for WindowsStandalone target not found
Package Manager log level set to [2]
[Package Manager] Failed to launch server process. Reason: Unity was launched with the -noUpm command-line argument
[Package Manager] Unable to send message (not connected to server process).
[Package Manager] Cannot connect to Unity Package Manager local server
[MODES] ModeService[none].Initialize
[MODES] ModeService[none].LoadModes
[MODES] Loading mode Default (0) for mode-current-id-FP
Mono: successfully reloaded assembly
- Finished resetting the current domain, in  0.760 seconds
Domain Reload Profiling: 1542ms
	BeginReloadAssembly (175ms)
		ExecutionOrderSort (0ms)
		DisableScriptedObjects (5ms)
		BackupInstance (0ms)
		ReleaseScriptingObjects (0ms)
		CreateAndSetChildDomain (26ms)
	RebuildCommonClasses (35ms)
	RebuildNativeTypeToScriptingClass (10ms)
	initialDomainReloadingComplete (21ms)
	LoadAllAssembliesAndSetupDomain (540ms)
		LoadAssemblies (353ms)
		RebuildTransferFunctionScriptingTraits (0ms)
		AnalyzeDomain (295ms)
			TypeCache.Refresh (218ms)
				TypeCache.ScanAssembly (200ms)
			BuildScriptInfoCaches (62ms)
			ResolveRequiredComponents (10ms)
	FinalizeReload (761ms)
		ReleaseScriptCaches (0ms)
		RebuildScriptCaches (0ms)
		SetupLoadedEditorAssemblies (642ms)
			LogAssemblyErrors (0ms)
			InitializePlatformSupportModulesInManaged (3ms)
			SetLoadedEditorAssemblies (4ms)
			BeforeProcessingInitializeOnLoad (124ms)
			ProcessInitializeOnLoadAttributes (457ms)
			ProcessInitializeOnLoadMethodAttributes (52ms)
			AfterProcessingInitializeOnLoad (2ms)
			EditorAssembliesLoaded (0ms)
		ExecutionOrderSort2 (0ms)
		AwakeInstancesAfterBackupRestoration (5ms)
WARNING: Shader Unsupported: 'Hidden/Universal Render Pipeline/Terrain/Lit (Base Pass)' - All subshaders removed
WARNING: Shader Did you use #pragma only_renderers and omit this platform?
WARNING: Shader If subshaders removal was intentional, you may have forgotten turning Fallback off?
WARNING: Shader Unsupported: 'Hidden/Universal Render Pipeline/Terrain/Lit (Base Pass)' - All subshaders removed
WARNING: Shader Did you use #pragma only_renderers and omit this platform?
WARNING: Shader If subshaders removal was intentional, you may have forgotten turning Fallback off?
WARNING: Shader Unsupported: 'Universal Render Pipeline/Terrain/Lit' - All subshaders removed
WARNING: Shader Did you use #pragma only_renderers and omit this platform?
WARNING: Shader If subshaders removal was intentional, you may have forgotten turning Fallback off?
WARNING: Shader Unsupported: 'Universal Render Pipeline/Terrain/Lit' - All subshaders removed
WARNING: Shader Did you use #pragma only_renderers and omit this platform?
WARNING: Shader If subshaders removal was intentional, you may have forgotten turning Fallback off?
Launched and connected shader compiler UnityShaderCompiler.exe after 0.01 seconds
Refreshing native plugins compatible for Editor in 0.85 ms, found 3 plugins.
Preloading 0 native plugins for Editor in 0.00 ms.
Unloading 66 Unused Serialized files (Serialized files now loaded: 0)
Unloading 8253 unused Assets / (15.3 MB). Loaded Objects now: 8809.
Memory consumption went from 158.8 MB to 143.5 MB.
Total: 12.180700 ms (FindLiveObjects: 0.715000 ms CreateObjectMapping: 0.691000 ms MarkObjects: 5.967900 ms  DeleteObjects: 4.805400 ms)

========================================================================
Received Import Request.
  Time since last request: 2976.682739 seconds.
  path: Assets/3D_Game_Assets_Market/Models
  artifactKey: Guid(2da74b297e2b5c940bb736e2bf5d9d1c) Importer(815301076,1909f56bfc062723c751e8b465ee728b)
Start importing Assets/3D_Game_Assets_Market/Models using Guid(2da74b297e2b5c940bb736e2bf5d9d1c) Importer(815301076,1909f56bfc062723c751e8b465ee728b) (PreviewImporter) -> (artifact id: 'a9d08878d8322033ad98db281d8540b6') in 0.0048074 seconds
Number of updated asset objects reloaded before import = 0Number of asset objects unloaded after import = 0

========================================================================
Received Import Request.
  Time since last request: 1.350761 seconds.
  path: Assets/3D_Game_Assets_Market/Models/Axe
  artifactKey: Guid(f0c9dcf2012381245827633486e4dd0b) Importer(815301076,1909f56bfc062723c751e8b465ee728b)
Start importing Assets/3D_Game_Assets_Market/Models/Axe using Guid(f0c9dcf2012381245827633486e4dd0b) Importer(815301076,1909f56bfc062723c751e8b465ee728b) (PreviewImporter) -> (artifact id: '95e60e0f6261151c9bfac861ce386f6f') in 0.0007331 seconds
Number of updated asset objects reloaded before import = 0Number of asset objects unloaded after import = 0

========================================================================
Received Import Request.
  Time since last request: 0.623111 seconds.
  path: Assets/3D_Game_Assets_Market/Models/Axe/Material
  artifactKey: Guid(625fdc9880e99bd44843fa342bc991cb) Importer(815301076,1909f56bfc062723c751e8b465ee728b)
Start importing Assets/3D_Game_Assets_Market/Models/Axe/Material using Guid(625fdc9880e99bd44843fa342bc991cb) Importer(815301076,1909f56bfc062723c751e8b465ee728b) (PreviewImporter) -> (artifact id: 'e03310452bc4ea7b4556b8621d094689') in 0.000655 seconds
Number of updated asset objects reloaded before import = 0Number of asset objects unloaded after import = 0

========================================================================
Received Import Request.
  Time since last request: 0.062911 seconds.
  path: Assets/3D_Game_Assets_Market/Models/Axe/Material/Axe_2_Material.mat
  artifactKey: Guid(a7291a7bf33bd164d812b32563b784ff) Importer(815301076,1909f56bfc062723c751e8b465ee728b)
Start importing Assets/3D_Game_Assets_Market/Models/Axe/Material/Axe_2_Material.mat using Guid(a7291a7bf33bd164d812b32563b784ff) Importer(815301076,1909f56bfc062723c751e8b465ee728b) (PreviewImporter) -> (artifact id: 'dfe20b53f2e2cee8a8ad774e010ee526') in 0.0873747 seconds
Number of updated asset objects reloaded before import = 0Number of asset objects unloaded after import = 2

========================================================================
Received Prepare
Begin MonoManager ReloadAssembly
- Loaded All Assemblies, in  0.866 seconds
Refreshing native plugins compatible for Editor in 0.57 ms, found 3 plugins.
Native extension for WindowsStandalone target not found
[Package Manager] Failed to launch server process. Reason: Unity was launched with the -noUpm command-line argument
[Package Manager] Unable to send message (not connected to server process).
[Package Manager] Cannot connect to Unity Package Manager local server
[MODES] ModeService[none].Initialize
[MODES] ModeService[none].LoadModes
Mono: successfully reloaded assembly
- Finished resetting the current domain, in  0.960 seconds
Domain Reload Profiling: 1831ms
	BeginReloadAssembly (262ms)
		ExecutionOrderSort (0ms)
		DisableScriptedObjects (6ms)
		BackupInstance (0ms)
		ReleaseScriptingObjects (0ms)
		CreateAndSetChildDomain (58ms)
	RebuildCommonClasses (40ms)
	RebuildNativeTypeToScriptingClass (13ms)
	initialDomainReloadingComplete (27ms)
	LoadAllAssembliesAndSetupDomain (528ms)
		LoadAssemblies (425ms)
		RebuildTransferFunctionScriptingTraits (0ms)
		AnalyzeDomain (252ms)
			TypeCache.Refresh (8ms)
				TypeCache.ScanAssembly (0ms)
			BuildScriptInfoCaches (224ms)
			ResolveRequiredComponents (14ms)
	FinalizeReload (961ms)
		ReleaseScriptCaches (0ms)
		RebuildScriptCaches (0ms)
		SetupLoadedEditorAssemblies (825ms)
			LogAssemblyErrors (0ms)
			InitializePlatformSupportModulesInManaged (2ms)
			SetLoadedEditorAssemblies (5ms)
			BeforeProcessingInitializeOnLoad (164ms)
			ProcessInitializeOnLoadAttributes (580ms)
			ProcessInitializeOnLoadMethodAttributes (73ms)
			AfterProcessingInitializeOnLoad (2ms)
			EditorAssembliesLoaded (0ms)
		ExecutionOrderSort2 (0ms)
		AwakeInstancesAfterBackupRestoration (8ms)
WARNING: Shader Unsupported: 'Hidden/Universal Render Pipeline/Terrain/Lit (Base Pass)' - All subshaders removed
WARNING: Shader Did you use #pragma only_renderers and omit this platform?
WARNING: Shader If subshaders removal was intentional, you may have forgotten turning Fallback off?
WARNING: Shader Unsupported: 'Hidden/Universal Render Pipeline/Terrain/Lit (Base Pass)' - All subshaders removed
WARNING: Shader Did you use #pragma only_renderers and omit this platform?
WARNING: Shader If subshaders removal was intentional, you may have forgotten turning Fallback off?
WARNING: Shader Unsupported: 'Universal Render Pipeline/Terrain/Lit' - All subshaders removed
WARNING: Shader Did you use #pragma only_renderers and omit this platform?
WARNING: Shader If subshaders removal was intentional, you may have forgotten turning Fallback off?
WARNING: Shader Unsupported: 'Universal Render Pipeline/Terrain/Lit' - All subshaders removed
WARNING: Shader Did you use #pragma only_renderers and omit this platform?
WARNING: Shader If subshaders removal was intentional, you may have forgotten turning Fallback off?
Refreshing native plugins compatible for Editor in 1.04 ms, found 3 plugins.
Preloading 0 native plugins for Editor in 0.00 ms.
Unloading 66 Unused Serialized files (Serialized files now loaded: 0)
Unloading 8251 unused Assets / (10.9 MB). Loaded Objects now: 8858.
Memory consumption went from 160.4 MB to 149.5 MB.
Total: 14.126500 ms (FindLiveObjects: 0.797600 ms CreateObjectMapping: 1.047500 ms MarkObjects: 6.078300 ms  DeleteObjects: 6.201900 ms)

Prepare: number of updated asset objects reloaded= 0
========================================================================
Received Prepare
Begin MonoManager ReloadAssembly
- Loaded All Assemblies, in  0.705 seconds
Refreshing native plugins compatible for Editor in 0.85 ms, found 3 plugins.
Native extension for WindowsStandalone target not found
[Package Manager] Failed to launch server process. Reason: Unity was launched with the -noUpm command-line argument
[Package Manager] Unable to send message (not connected to server process).
[Package Manager] Cannot connect to Unity Package Manager local server
[MODES] ModeService[none].Initialize
[MODES] ModeService[none].LoadModes
Mono: successfully reloaded assembly
- Finished resetting the current domain, in  0.821 seconds
Domain Reload Profiling: 1530ms
	BeginReloadAssembly (214ms)
		ExecutionOrderSort (0ms)
		DisableScriptedObjects (5ms)
		BackupInstance (0ms)
		ReleaseScriptingObjects (0ms)
		CreateAndSetChildDomain (50ms)
	RebuildCommonClasses (34ms)
	RebuildNativeTypeToScriptingClass (11ms)
	initialDomainReloadingComplete (22ms)
	LoadAllAssembliesAndSetupDomain (428ms)
		LoadAssemblies (327ms)
		RebuildTransferFunctionScriptingTraits (0ms)
		AnalyzeDomain (213ms)
			TypeCache.Refresh (7ms)
				TypeCache.ScanAssembly (0ms)
			BuildScriptInfoCaches (189ms)
			ResolveRequiredComponents (11ms)
	FinalizeReload (821ms)
		ReleaseScriptCaches (0ms)
		RebuildScriptCaches (0ms)
		SetupLoadedEditorAssemblies (693ms)
			LogAssemblyErrors (0ms)
			InitializePlatformSupportModulesInManaged (2ms)
			SetLoadedEditorAssemblies (3ms)
			BeforeProcessingInitializeOnLoad (127ms)
			ProcessInitializeOnLoadAttributes (498ms)
			ProcessInitializeOnLoadMethodAttributes (60ms)
			AfterProcessingInitializeOnLoad (2ms)
			EditorAssembliesLoaded (0ms)
		ExecutionOrderSort2 (0ms)
		AwakeInstancesAfterBackupRestoration (11ms)
WARNING: Shader Unsupported: 'Hidden/Universal Render Pipeline/Terrain/Lit (Base Pass)' - All subshaders removed
WARNING: Shader Did you use #pragma only_renderers and omit this platform?
WARNING: Shader If subshaders removal was intentional, you may have forgotten turning Fallback off?
WARNING: Shader Unsupported: 'Hidden/Universal Render Pipeline/Terrain/Lit (Base Pass)' - All subshaders removed
WARNING: Shader Did you use #pragma only_renderers and omit this platform?
WARNING: Shader If subshaders removal was intentional, you may have forgotten turning Fallback off?
WARNING: Shader Unsupported: 'Universal Render Pipeline/Terrain/Lit' - All subshaders removed
WARNING: Shader Did you use #pragma only_renderers and omit this platform?
WARNING: Shader If subshaders removal was intentional, you may have forgotten turning Fallback off?
WARNING: Shader Unsupported: 'Universal Render Pipeline/Terrain/Lit' - All subshaders removed
WARNING: Shader Did you use #pragma only_renderers and omit this platform?
WARNING: Shader If subshaders removal was intentional, you may have forgotten turning Fallback off?
Refreshing native plugins compatible for Editor in 0.82 ms, found 3 plugins.
Preloading 0 native plugins for Editor in 0.00 ms.
Unloading 66 Unused Serialized files (Serialized files now loaded: 0)
Unloading 8251 unused Assets / (10.7 MB). Loaded Objects now: 8864.
Memory consumption went from 160.3 MB to 149.6 MB.
Total: 12.614600 ms (FindLiveObjects: 1.050000 ms CreateObjectMapping: 0.680200 ms MarkObjects: 5.922200 ms  DeleteObjects: 4.960600 ms)

Prepare: number of updated asset objects reloaded= 0
========================================================================
Received Import Request.
  Time since last request: 293.199889 seconds.
  path: Assets/Soal/Soal1.asset
  artifactKey: Guid(8276eb1e73c99e2438cac6858c07e180) Importer(815301076,1909f56bfc062723c751e8b465ee728b)
Start importing Assets/Soal/Soal1.asset using Guid(8276eb1e73c99e2438cac6858c07e180) Importer(815301076,1909f56bfc062723c751e8b465ee728b) (PreviewImporter) -> (artifact id: '57be01b7db4801e38a33728c7e6f4200') in 0.0313289 seconds
Number of updated asset objects reloaded before import = 0Number of asset objects unloaded after import = 1

========================================================================
Received Import Request.
  Time since last request: 60.016022 seconds.
  path: Assets/Fries and Seagull/City 03/Array Arranger.prefab
  artifactKey: Guid(0b5ff34b0f47d3147b70aaaa0acf284f) Importer(815301076,1909f56bfc062723c751e8b465ee728b)
Start importing Assets/Fries and Seagull/City 03/Array Arranger.prefab using Guid(0b5ff34b0f47d3147b70aaaa0acf284f) Importer(815301076,1909f56bfc062723c751e8b465ee728b) (PreviewImporter) -> (artifact id: '2e9afe01a10643f0ee29e4e46c68b3e3') in 0.0212143 seconds
Number of updated asset objects reloaded before import = 0Number of asset objects unloaded after import = 5

========================================================================
Received Import Request.
  Time since last request: 3.892746 seconds.
  path: Assets/Fries and Seagull/City 03/Models/Barricade 1.fbx
  artifactKey: Guid(acfb1e5538b4fa24aa01ddfbe80a5406) Importer(815301076,1909f56bfc062723c751e8b465ee728b)
Start importing Assets/Fries and Seagull/City 03/Models/Barricade 1.fbx using Guid(acfb1e5538b4fa24aa01ddfbe80a5406) Importer(815301076,1909f56bfc062723c751e8b465ee728b) (PreviewImporter) -> (artifact id: '40ba8180dcef0259f57f8a830a178177') in 0.1245089 seconds
Number of updated asset objects reloaded before import = 0Number of asset objects unloaded after import = 12

========================================================================
Received Import Request.
  Time since last request: 0.000027 seconds.
  path: Assets/Fries and Seagull/City 03/Models/Mailbox 2.fbx
  artifactKey: Guid(76335c3029a642c4aacd71a161ef4a0d) Importer(815301076,1909f56bfc062723c751e8b465ee728b)
Start importing Assets/Fries and Seagull/City 03/Models/Mailbox 2.fbx using Guid(76335c3029a642c4aacd71a161ef4a0d) Importer(815301076,1909f56bfc062723c751e8b465ee728b) (PreviewImporter) -> (artifact id: '381656ecb490979a96f27ae0110a0079') in 0.0380181 seconds
Number of updated asset objects reloaded before import = 0Number of asset objects unloaded after import = 9

========================================================================
Received Import Request.
  Time since last request: 0.000023 seconds.
  path: Assets/Fries and Seagull/City 03/Models/Dumpster 1.fbx
  artifactKey: Guid(880f61e44a800fd41be61df539c2a5a9) Importer(815301076,1909f56bfc062723c751e8b465ee728b)
Start importing Assets/Fries and Seagull/City 03/Models/Dumpster 1.fbx using Guid(880f61e44a800fd41be61df539c2a5a9) Importer(815301076,1909f56bfc062723c751e8b465ee728b) (PreviewImporter) -> (artifact id: '2b51d8dc3891c9b82b8b3d483ea5399c') in 0.0482444 seconds
Number of updated asset objects reloaded before import = 0Number of asset objects unloaded after import = 9

========================================================================
Received Import Request.
  Time since last request: 0.000015 seconds.
  path: Assets/Fries and Seagull/City 03/Models/Ground Markings 2.fbx
  artifactKey: Guid(524751b8017ef784783aa006d8ff7cde) Importer(815301076,1909f56bfc062723c751e8b465ee728b)
Start importing Assets/Fries and Seagull/City 03/Models/Ground Markings 2.fbx using Guid(524751b8017ef784783aa006d8ff7cde) Importer(815301076,1909f56bfc062723c751e8b465ee728b) (PreviewImporter) -> (artifact id: '66960aa1a3b623c3bf97abadb438c873') in 0.0250425 seconds
Number of updated asset objects reloaded before import = 0Number of asset objects unloaded after import = 7

========================================================================
Received Import Request.
  Time since last request: 0.000017 seconds.
  path: Assets/Fries and Seagull/City 03/Models/Ground Markings 1.fbx
  artifactKey: Guid(b6ff114b69b3f2746b620bc1d4d5ddd0) Importer(815301076,1909f56bfc062723c751e8b465ee728b)
Start importing Assets/Fries and Seagull/City 03/Models/Ground Markings 1.fbx using Guid(b6ff114b69b3f2746b620bc1d4d5ddd0) Importer(815301076,1909f56bfc062723c751e8b465ee728b) (PreviewImporter) -> (artifact id: '36afd520bb459b04b1f067647af44f8b') in 0.0227275 seconds
Number of updated asset objects reloaded before import = 0Number of asset objects unloaded after import = 7

========================================================================
Received Import Request.
  Time since last request: 0.000016 seconds.
  path: Assets/Fries and Seagull/City 03/Models/Dumpster 2.fbx
  artifactKey: Guid(4f992e79413a7c5408c336d9451258dc) Importer(815301076,1909f56bfc062723c751e8b465ee728b)
Start importing Assets/Fries and Seagull/City 03/Models/Dumpster 2.fbx using Guid(4f992e79413a7c5408c336d9451258dc) Importer(815301076,1909f56bfc062723c751e8b465ee728b) (PreviewImporter) -> (artifact id: '74dd40b584bac9bf1a6ab244e544c1d1') in 0.0430698 seconds
Number of updated asset objects reloaded before import = 0Number of asset objects unloaded after import = 15

========================================================================
Received Import Request.
  Time since last request: 0.000015 seconds.
  path: Assets/Fries and Seagull/City 03/Models/House 10.fbx
  artifactKey: Guid(7ff0287e9c2599f4db17e273bab84301) Importer(815301076,1909f56bfc062723c751e8b465ee728b)
Start importing Assets/Fries and Seagull/City 03/Models/House 10.fbx using Guid(7ff0287e9c2599f4db17e273bab84301) Importer(815301076,1909f56bfc062723c751e8b465ee728b) (PreviewImporter) -> (artifact id: '356301d8e67129ca27e398f5f43b5e47') in 0.2191468 seconds
Number of updated asset objects reloaded before import = 0Number of asset objects unloaded after import = 50

========================================================================
Received Import Request.
  Time since last request: 0.000018 seconds.
  path: Assets/Fries and Seagull/City 03/Models/Iron Ladder.fbx
  artifactKey: Guid(a282b243efe1e5d4fb53afaed744366c) Importer(815301076,1909f56bfc062723c751e8b465ee728b)
Start importing Assets/Fries and Seagull/City 03/Models/Iron Ladder.fbx using Guid(a282b243efe1e5d4fb53afaed744366c) Importer(815301076,1909f56bfc062723c751e8b465ee728b) (PreviewImporter) -> (artifact id: '1261c7f5889d5c67fd4aeb2bcc9efc73') in 0.0308611 seconds
Number of updated asset objects reloaded before import = 0Number of asset objects unloaded after import = 8

========================================================================
Received Import Request.
  Time since last request: 0.000024 seconds.
  path: Assets/Fries and Seagull/City 03/Models/City Scene.fbx
  artifactKey: Guid(70ea4865e2694944fa398c288da016d8) Importer(815301076,1909f56bfc062723c751e8b465ee728b)
Start importing Assets/Fries and Seagull/City 03/Models/City Scene.fbx using Guid(70ea4865e2694944fa398c288da016d8) Importer(815301076,1909f56bfc062723c751e8b465ee728b) (PreviewImporter) -> (artifact id: 'f89a5e646b58530af6be2a7dc19dc975') in 5.5834252 seconds
Number of updated asset objects reloaded before import = 0Number of asset objects unloaded after import = 3459

========================================================================
Received Prepare
Begin MonoManager ReloadAssembly
- Loaded All Assemblies, in  0.730 seconds
Refreshing native plugins compatible for Editor in 0.59 ms, found 3 plugins.
Native extension for WindowsStandalone target not found
[Package Manager] Failed to launch server process. Reason: Unity was launched with the -noUpm command-line argument
[Package Manager] Unable to send message (not connected to server process).
[Package Manager] Cannot connect to Unity Package Manager local server
[MODES] ModeService[none].Initialize
[MODES] ModeService[none].LoadModes
Mono: successfully reloaded assembly
- Finished resetting the current domain, in  0.833 seconds
Domain Reload Profiling: 1568ms
	BeginReloadAssembly (217ms)
		ExecutionOrderSort (0ms)
		DisableScriptedObjects (4ms)
		BackupInstance (0ms)
		ReleaseScriptingObjects (0ms)
		CreateAndSetChildDomain (53ms)
	RebuildCommonClasses (31ms)
	RebuildNativeTypeToScriptingClass (11ms)
	initialDomainReloadingComplete (23ms)
	LoadAllAssembliesAndSetupDomain (452ms)
		LoadAssemblies (340ms)
		RebuildTransferFunctionScriptingTraits (0ms)
		AnalyzeDomain (224ms)
			TypeCache.Refresh (7ms)
				TypeCache.ScanAssembly (0ms)
			BuildScriptInfoCaches (199ms)
			ResolveRequiredComponents (12ms)
	FinalizeReload (833ms)
		ReleaseScriptCaches (0ms)
		RebuildScriptCaches (0ms)
		SetupLoadedEditorAssemblies (707ms)
			LogAssemblyErrors (0ms)
			InitializePlatformSupportModulesInManaged (2ms)
			SetLoadedEditorAssemblies (3ms)
			BeforeProcessingInitializeOnLoad (127ms)
			ProcessInitializeOnLoadAttributes (507ms)
			ProcessInitializeOnLoadMethodAttributes (65ms)
			AfterProcessingInitializeOnLoad (2ms)
			EditorAssembliesLoaded (1ms)
		ExecutionOrderSort2 (0ms)
		AwakeInstancesAfterBackupRestoration (12ms)
WARNING: Shader Unsupported: 'Hidden/Universal Render Pipeline/Terrain/Lit (Base Pass)' - All subshaders removed
WARNING: Shader Did you use #pragma only_renderers and omit this platform?
WARNING: Shader If subshaders removal was intentional, you may have forgotten turning Fallback off?
WARNING: Shader Unsupported: 'Hidden/Universal Render Pipeline/Terrain/Lit (Base Pass)' - All subshaders removed
WARNING: Shader Did you use #pragma only_renderers and omit this platform?
WARNING: Shader If subshaders removal was intentional, you may have forgotten turning Fallback off?
WARNING: Shader Unsupported: 'Universal Render Pipeline/Terrain/Lit' - All subshaders removed
WARNING: Shader Did you use #pragma only_renderers and omit this platform?
WARNING: Shader If subshaders removal was intentional, you may have forgotten turning Fallback off?
WARNING: Shader Unsupported: 'Universal Render Pipeline/Terrain/Lit' - All subshaders removed
WARNING: Shader Did you use #pragma only_renderers and omit this platform?
WARNING: Shader If subshaders removal was intentional, you may have forgotten turning Fallback off?
Refreshing native plugins compatible for Editor in 1.32 ms, found 3 plugins.
Preloading 0 native plugins for Editor in 0.00 ms.
Unloading 66 Unused Serialized files (Serialized files now loaded: 0)
Unloading 8251 unused Assets / (10.7 MB). Loaded Objects now: 8874.
Memory consumption went from 162.0 MB to 151.3 MB.
Total: 13.431700 ms (FindLiveObjects: 0.788200 ms CreateObjectMapping: 1.046300 ms MarkObjects: 5.959300 ms  DeleteObjects: 5.635900 ms)

Prepare: number of updated asset objects reloaded= 0
========================================================================
Received Prepare
Begin MonoManager ReloadAssembly
- Loaded All Assemblies, in  0.705 seconds
Refreshing native plugins compatible for Editor in 0.68 ms, found 3 plugins.
Native extension for WindowsStandalone target not found
[Package Manager] Failed to launch server process. Reason: Unity was launched with the -noUpm command-line argument
[Package Manager] Unable to send message (not connected to server process).
[Package Manager] Cannot connect to Unity Package Manager local server
[MODES] ModeService[none].Initialize
[MODES] ModeService[none].LoadModes
Mono: successfully reloaded assembly
- Finished resetting the current domain, in  0.737 seconds
Domain Reload Profiling: 1448ms
	BeginReloadAssembly (208ms)
		ExecutionOrderSort (0ms)
		DisableScriptedObjects (8ms)
		BackupInstance (0ms)
		ReleaseScriptingObjects (0ms)
		CreateAndSetChildDomain (50ms)
	RebuildCommonClasses (31ms)
	RebuildNativeTypeToScriptingClass (11ms)
	initialDomainReloadingComplete (20ms)
	LoadAllAssembliesAndSetupDomain (439ms)
		LoadAssemblies (326ms)
		RebuildTransferFunctionScriptingTraits (0ms)
		AnalyzeDomain (217ms)
			TypeCache.Refresh (8ms)
				TypeCache.ScanAssembly (0ms)
			BuildScriptInfoCaches (191ms)
			ResolveRequiredComponents (12ms)
	FinalizeReload (738ms)
		ReleaseScriptCaches (0ms)
		RebuildScriptCaches (0ms)
		SetupLoadedEditorAssemblies (611ms)
			LogAssemblyErrors (0ms)
			InitializePlatformSupportModulesInManaged (2ms)
			SetLoadedEditorAssemblies (3ms)
			BeforeProcessingInitializeOnLoad (117ms)
			ProcessInitializeOnLoadAttributes (429ms)
			ProcessInitializeOnLoadMethodAttributes (58ms)
			AfterProcessingInitializeOnLoad (2ms)
			EditorAssembliesLoaded (0ms)
		ExecutionOrderSort2 (0ms)
		AwakeInstancesAfterBackupRestoration (9ms)
WARNING: Shader Unsupported: 'Hidden/Universal Render Pipeline/Terrain/Lit (Base Pass)' - All subshaders removed
WARNING: Shader Did you use #pragma only_renderers and omit this platform?
WARNING: Shader If subshaders removal was intentional, you may have forgotten turning Fallback off?
WARNING: Shader Unsupported: 'Hidden/Universal Render Pipeline/Terrain/Lit (Base Pass)' - All subshaders removed
WARNING: Shader Did you use #pragma only_renderers and omit this platform?
WARNING: Shader If subshaders removal was intentional, you may have forgotten turning Fallback off?
WARNING: Shader Unsupported: 'Universal Render Pipeline/Terrain/Lit' - All subshaders removed
WARNING: Shader Did you use #pragma only_renderers and omit this platform?
WARNING: Shader If subshaders removal was intentional, you may have forgotten turning Fallback off?
WARNING: Shader Unsupported: 'Universal Render Pipeline/Terrain/Lit' - All subshaders removed
WARNING: Shader Did you use #pragma only_renderers and omit this platform?
WARNING: Shader If subshaders removal was intentional, you may have forgotten turning Fallback off?
Refreshing native plugins compatible for Editor in 0.75 ms, found 3 plugins.
Preloading 0 native plugins for Editor in 0.00 ms.
Unloading 66 Unused Serialized files (Serialized files now loaded: 0)
Unloading 8251 unused Assets / (11.3 MB). Loaded Objects now: 8880.
Memory consumption went from 165.9 MB to 154.6 MB.
Total: 14.400600 ms (FindLiveObjects: 1.081200 ms CreateObjectMapping: 0.791600 ms MarkObjects: 6.336500 ms  DeleteObjects: 6.189700 ms)

Prepare: number of updated asset objects reloaded= 0
========================================================================
Received Prepare
Begin MonoManager ReloadAssembly
- Loaded All Assemblies, in  0.740 seconds
Refreshing native plugins compatible for Editor in 0.69 ms, found 3 plugins.
Native extension for WindowsStandalone target not found
[Package Manager] Failed to launch server process. Reason: Unity was launched with the -noUpm command-line argument
[Package Manager] Unable to send message (not connected to server process).
[Package Manager] Cannot connect to Unity Package Manager local server
[MODES] ModeService[none].Initialize
[MODES] ModeService[none].LoadModes
Error saving file Library/StateCache/LayerSettings/9e/9ecc5c3c162a7aba29bafa64c8b94b7c.json. Error: System.IO.IOException: Sharing violation on path D:\SEMESTER 5\GAME CERDAS\FP\Library\StateCache\LayerSettings\9e\9ecc5c3c162a7aba29bafa64c8b94b7c.json
  at System.IO.FileStream..ctor (System.String path, System.IO.FileMode mode, System.IO.FileAccess access, System.IO.FileShare share, System.Int32 bufferSize, System.Boolean anonymous, System.IO.FileOptions options) [0x0019e] in <152439c387994a8da523328132967f8d>:0 
  at System.IO.FileStream..ctor (System.String path, System.IO.FileMode mode, System.IO.FileAccess access, System.IO.FileShare share, System.Int32 bufferSize, System.IO.FileOptions options) [0x00000] in <152439c387994a8da523328132967f8d>:0 
  at (wrapper remoting-invoke-with-check) System.IO.FileStream..ctor(string,System.IO.FileMode,System.IO.FileAccess,System.IO.FileShare,int,System.IO.FileOptions)
  at System.IO.StreamWriter..ctor (System.String path, System.Boolean append, System.Text.Encoding encoding, System.Int32 bufferSize) [0x00055] in <152439c387994a8da523328132967f8d>:0 
  at System.IO.StreamWriter..ctor (System.String path, System.Boolean append, System.Text.Encoding encoding) [0x00000] in <152439c387994a8da523328132967f8d>:0 
  at (wrapper remoting-invoke-with-check) System.IO.StreamWriter..ctor(string,bool,System.Text.Encoding)
  at System.IO.File.WriteAllText (System.String path, System.String contents, System.Text.Encoding encoding) [0x00034] in <152439c387994a8da523328132967f8d>:0 
  at UnityEditor.StateCache`1[T].SetState (UnityEngine.Hash128 key, T obj) [0x0004b] in <f452aebcfc6a4120a1f2db5e6a15ab5a>:0 
UnityEngine.Debug:ExtractStackTraceNoAlloc (byte*,int,string)
UnityEngine.StackTraceUtility:ExtractStackTrace ()
UnityEngine.DebugLogHandler:Internal_Log (UnityEngine.LogType,UnityEngine.LogOption,string,UnityEngine.Object)
UnityEngine.DebugLogHandler:LogFormat (UnityEngine.LogType,UnityEngine.Object,string,object[])
UnityEngine.Logger:Log (UnityEngine.LogType,object)
UnityEngine.Debug:LogError (object)
UnityEditor.StateCache`1<UnityEditor.Tools/LayerSettings>:SetState (UnityEngine.Hash128,UnityEditor.Tools/LayerSettings)
UnityEditor.Tools:set_lockedLayers (int)
UnityEditor.Tools:OnEnable ()

Mono: successfully reloaded assembly
- Finished resetting the current domain, in  0.808 seconds
Domain Reload Profiling: 1553ms
	BeginReloadAssembly (220ms)
		ExecutionOrderSort (0ms)
		DisableScriptedObjects (4ms)
		BackupInstance (0ms)
		ReleaseScriptingObjects (0ms)
		CreateAndSetChildDomain (50ms)
	RebuildCommonClasses (31ms)
	RebuildNativeTypeToScriptingClass (10ms)
	initialDomainReloadingComplete (22ms)
	LoadAllAssembliesAndSetupDomain (460ms)
		LoadAssemblies (352ms)
		RebuildTransferFunctionScriptingTraits (0ms)
		AnalyzeDomain (223ms)
			TypeCache.Refresh (9ms)
				TypeCache.ScanAssembly (0ms)
			BuildScriptInfoCaches (195ms)
			ResolveRequiredComponents (12ms)
	FinalizeReload (809ms)
		ReleaseScriptCaches (0ms)
		RebuildScriptCaches (0ms)
		SetupLoadedEditorAssemblies (671ms)
			LogAssemblyErrors (0ms)
			InitializePlatformSupportModulesInManaged (2ms)
			SetLoadedEditorAssemblies (3ms)
			BeforeProcessingInitializeOnLoad (136ms)
			ProcessInitializeOnLoadAttributes (469ms)
			ProcessInitializeOnLoadMethodAttributes (59ms)
			AfterProcessingInitializeOnLoad (2ms)
			EditorAssembliesLoaded (0ms)
		ExecutionOrderSort2 (0ms)
		AwakeInstancesAfterBackupRestoration (15ms)
WARNING: Shader Unsupported: 'Hidden/Universal Render Pipeline/Terrain/Lit (Base Pass)' - All subshaders removed
WARNING: Shader Did you use #pragma only_renderers and omit this platform?
WARNING: Shader If subshaders removal was intentional, you may have forgotten turning Fallback off?
WARNING: Shader Unsupported: 'Hidden/Universal Render Pipeline/Terrain/Lit (Base Pass)' - All subshaders removed
WARNING: Shader Did you use #pragma only_renderers and omit this platform?
WARNING: Shader If subshaders removal was intentional, you may have forgotten turning Fallback off?
WARNING: Shader Unsupported: 'Universal Render Pipeline/Terrain/Lit' - All subshaders removed
WARNING: Shader Did you use #pragma only_renderers and omit this platform?
WARNING: Shader If subshaders removal was intentional, you may have forgotten turning Fallback off?
WARNING: Shader Unsupported: 'Universal Render Pipeline/Terrain/Lit' - All subshaders removed
WARNING: Shader Did you use #pragma only_renderers and omit this platform?
WARNING: Shader If subshaders removal was intentional, you may have forgotten turning Fallback off?
Refreshing native plugins compatible for Editor in 0.77 ms, found 3 plugins.
Preloading 0 native plugins for Editor in 0.00 ms.
Unloading 66 Unused Serialized files (Serialized files now loaded: 0)
Unloading 8251 unused Assets / (11.7 MB). Loaded Objects now: 8886.
Memory consumption went from 165.9 MB to 154.2 MB.
Total: 12.975000 ms (FindLiveObjects: 0.937300 ms CreateObjectMapping: 0.751500 ms MarkObjects: 5.391700 ms  DeleteObjects: 5.893100 ms)

Prepare: number of updated asset objects reloaded= 0
========================================================================
Received Prepare
Begin MonoManager ReloadAssembly
- Loaded All Assemblies, in  0.730 seconds
Refreshing native plugins compatible for Editor in 0.58 ms, found 3 plugins.
Native extension for WindowsStandalone target not found
[Package Manager] Failed to launch server process. Reason: Unity was launched with the -noUpm command-line argument
[Package Manager] Unable to send message (not connected to server process).
[Package Manager] Cannot connect to Unity Package Manager local server
[MODES] ModeService[none].Initialize
[MODES] ModeService[none].LoadModes
Mono: successfully reloaded assembly
- Finished resetting the current domain, in  0.812 seconds
Domain Reload Profiling: 1547ms
	BeginReloadAssembly (207ms)
		ExecutionOrderSort (0ms)
		DisableScriptedObjects (5ms)
		BackupInstance (0ms)
		ReleaseScriptingObjects (0ms)
		CreateAndSetChildDomain (48ms)
	RebuildCommonClasses (34ms)
	RebuildNativeTypeToScriptingClass (11ms)
	initialDomainReloadingComplete (22ms)
	LoadAllAssembliesAndSetupDomain (461ms)
		LoadAssemblies (339ms)
		RebuildTransferFunctionScriptingTraits (0ms)
		AnalyzeDomain (225ms)
			TypeCache.Refresh (8ms)
				TypeCache.ScanAssembly (0ms)
			BuildScriptInfoCaches (198ms)
			ResolveRequiredComponents (12ms)
	FinalizeReload (812ms)
		ReleaseScriptCaches (0ms)
		RebuildScriptCaches (0ms)
		SetupLoadedEditorAssemblies (677ms)
			LogAssemblyErrors (0ms)
			InitializePlatformSupportModulesInManaged (2ms)
			SetLoadedEditorAssemblies (4ms)
			BeforeProcessingInitializeOnLoad (134ms)
			ProcessInitializeOnLoadAttributes (474ms)
			ProcessInitializeOnLoadMethodAttributes (61ms)
			AfterProcessingInitializeOnLoad (2ms)
			EditorAssembliesLoaded (0ms)
		ExecutionOrderSort2 (0ms)
		AwakeInstancesAfterBackupRestoration (12ms)
WARNING: Shader Unsupported: 'Hidden/Universal Render Pipeline/Terrain/Lit (Base Pass)' - All subshaders removed
WARNING: Shader Did you use #pragma only_renderers and omit this platform?
WARNING: Shader If subshaders removal was intentional, you may have forgotten turning Fallback off?
WARNING: Shader Unsupported: 'Hidden/Universal Render Pipeline/Terrain/Lit (Base Pass)' - All subshaders removed
WARNING: Shader Did you use #pragma only_renderers and omit this platform?
WARNING: Shader If subshaders removal was intentional, you may have forgotten turning Fallback off?
WARNING: Shader Unsupported: 'Universal Render Pipeline/Terrain/Lit' - All subshaders removed
WARNING: Shader Did you use #pragma only_renderers and omit this platform?
WARNING: Shader If subshaders removal was intentional, you may have forgotten turning Fallback off?
WARNING: Shader Unsupported: 'Universal Render Pipeline/Terrain/Lit' - All subshaders removed
WARNING: Shader Did you use #pragma only_renderers and omit this platform?
WARNING: Shader If subshaders removal was intentional, you may have forgotten turning Fallback off?
Refreshing native plugins compatible for Editor in 1.02 ms, found 3 plugins.
Preloading 0 native plugins for Editor in 0.00 ms.
Unloading 66 Unused Serialized files (Serialized files now loaded: 0)
Unloading 8251 unused Assets / (10.7 MB). Loaded Objects now: 8892.
Memory consumption went from 165.9 MB to 155.1 MB.
Total: 12.997300 ms (FindLiveObjects: 0.868900 ms CreateObjectMapping: 0.936100 ms MarkObjects: 5.721200 ms  DeleteObjects: 5.469800 ms)

Prepare: number of updated asset objects reloaded= 0
========================================================================
Received Prepare
Begin MonoManager ReloadAssembly
- Loaded All Assemblies, in  0.701 seconds
Refreshing native plugins compatible for Editor in 0.51 ms, found 3 plugins.
Native extension for WindowsStandalone target not found
[Package Manager] Failed to launch server process. Reason: Unity was launched with the -noUpm command-line argument
[Package Manager] Unable to send message (not connected to server process).
[Package Manager] Cannot connect to Unity Package Manager local server
Error saving file Library/StateCache/LayerSettings/9e/9ecc5c3c162a7aba29bafa64c8b94b7c.json. Error: System.IO.IOException: Sharing violation on path D:\SEMESTER 5\GAME CERDAS\FP\Library\StateCache\LayerSettings\9e\9ecc5c3c162a7aba29bafa64c8b94b7c.json
  at System.IO.FileStream..ctor (System.String path, System.IO.FileMode mode, System.IO.FileAccess access, System.IO.FileShare share, System.Int32 bufferSize, System.Boolean anonymous, System.IO.FileOptions options) [0x0019e] in <152439c387994a8da523328132967f8d>:0 
  at System.IO.FileStream..ctor (System.String path, System.IO.FileMode mode, System.IO.FileAccess access, System.IO.FileShare share, System.Int32 bufferSize, System.IO.FileOptions options) [0x00000] in <152439c387994a8da523328132967f8d>:0 
  at (wrapper remoting-invoke-with-check) System.IO.FileStream..ctor(string,System.IO.FileMode,System.IO.FileAccess,System.IO.FileShare,int,System.IO.FileOptions)
  at System.IO.StreamWriter..ctor (System.String path, System.Boolean append, System.Text.Encoding encoding, System.Int32 bufferSize) [0x00055] in <152439c387994a8da523328132967f8d>:0 
  at System.IO.StreamWriter..ctor (System.String path, System.Boolean append, System.Text.Encoding encoding) [0x00000] in <152439c387994a8da523328132967f8d>:0 
  at (wrapper remoting-invoke-with-check) System.IO.StreamWriter..ctor(string,bool,System.Text.Encoding)
  at System.IO.File.WriteAllText (System.String path, System.String contents, System.Text.Encoding encoding) [0x00034] in <152439c387994a8da523328132967f8d>:0 
  at UnityEditor.StateCache`1[T].SetState (UnityEngine.Hash128 key, T obj) [0x0004b] in <f452aebcfc6a4120a1f2db5e6a15ab5a>:0 
UnityEngine.Debug:ExtractStackTraceNoAlloc (byte*,int,string)
UnityEngine.StackTraceUtility:ExtractStackTrace ()
UnityEngine.DebugLogHandler:Internal_Log (UnityEngine.LogType,UnityEngine.LogOption,string,UnityEngine.Object)
UnityEngine.DebugLogHandler:LogFormat (UnityEngine.LogType,UnityEngine.Object,string,object[])
UnityEngine.Logger:Log (UnityEngine.LogType,object)
UnityEngine.Debug:LogError (object)
UnityEditor.StateCache`1<UnityEditor.Tools/LayerSettings>:SetState (UnityEngine.Hash128,UnityEditor.Tools/LayerSettings)
UnityEditor.Tools:set_lockedLayers (int)
UnityEditor.Tools:OnEnable ()
UnityEngine.ScriptableObject:CreateScriptableObjectInstanceFromType (System.Type,bool)
UnityEngine.ScriptableObject:CreateInstance (System.Type)
UnityEngine.ScriptableObject:CreateInstance<UnityEditor.Tools> ()
UnityEditor.Tools:get_get ()
UnityEditor.Tools:get_visibleLayers ()
UnityEditor.Animations.Rigging.BoneRendererUtils:.cctor () (at ./Library/PackageCache/com.unity.animation.rigging@68167b505d2b/Editor/Utils/BoneRendererUtils.cs:121)
System.Runtime.CompilerServices.RuntimeHelpers:RunClassConstructor (System.RuntimeTypeHandle)
UnityEditor.EditorAssemblies:ProcessInitializeOnLoadAttributes (System.Type[])

(Filename: ./Library/PackageCache/com.unity.animation.rigging@68167b505d2b/Editor/Utils/BoneRendererUtils.cs Line: 121)

[MODES] ModeService[none].Initialize
[MODES] ModeService[none].LoadModes
Mono: successfully reloaded assembly
- Finished resetting the current domain, in  0.817 seconds
Domain Reload Profiling: 1522ms
	BeginReloadAssembly (204ms)
		ExecutionOrderSort (0ms)
		DisableScriptedObjects (5ms)
		BackupInstance (0ms)
		ReleaseScriptingObjects (0ms)
		CreateAndSetChildDomain (50ms)
	RebuildCommonClasses (30ms)
	RebuildNativeTypeToScriptingClass (12ms)
	initialDomainReloadingComplete (21ms)
	LoadAllAssembliesAndSetupDomain (439ms)
		LoadAssemblies (323ms)
		RebuildTransferFunctionScriptingTraits (0ms)
		AnalyzeDomain (215ms)
			TypeCache.Refresh (9ms)
				TypeCache.ScanAssembly (0ms)
			BuildScriptInfoCaches (189ms)
			ResolveRequiredComponents (12ms)
	FinalizeReload (818ms)
		ReleaseScriptCaches (0ms)
		RebuildScriptCaches (0ms)
		SetupLoadedEditorAssemblies (678ms)
			LogAssemblyErrors (0ms)
			InitializePlatformSupportModulesInManaged (2ms)
			SetLoadedEditorAssemblies (3ms)
			BeforeProcessingInitializeOnLoad (130ms)
			ProcessInitializeOnLoadAttributes (474ms)
			ProcessInitializeOnLoadMethodAttributes (68ms)
			AfterProcessingInitializeOnLoad (2ms)
			EditorAssembliesLoaded (0ms)
		ExecutionOrderSort2 (0ms)
		AwakeInstancesAfterBackupRestoration (14ms)
WARNING: Shader Unsupported: 'Hidden/Universal Render Pipeline/Terrain/Lit (Base Pass)' - All subshaders removed
WARNING: Shader Did you use #pragma only_renderers and omit this platform?
WARNING: Shader If subshaders removal was intentional, you may have forgotten turning Fallback off?
WARNING: Shader Unsupported: 'Hidden/Universal Render Pipeline/Terrain/Lit (Base Pass)' - All subshaders removed
WARNING: Shader Did you use #pragma only_renderers and omit this platform?
WARNING: Shader If subshaders removal was intentional, you may have forgotten turning Fallback off?
WARNING: Shader Unsupported: 'Universal Render Pipeline/Terrain/Lit' - All subshaders removed
WARNING: Shader Did you use #pragma only_renderers and omit this platform?
WARNING: Shader If subshaders removal was intentional, you may have forgotten turning Fallback off?
WARNING: Shader Unsupported: 'Universal Render Pipeline/Terrain/Lit' - All subshaders removed
WARNING: Shader Did you use #pragma only_renderers and omit this platform?
WARNING: Shader If subshaders removal was intentional, you may have forgotten turning Fallback off?
Refreshing native plugins compatible for Editor in 0.79 ms, found 3 plugins.
Preloading 0 native plugins for Editor in 0.00 ms.
Unloading 66 Unused Serialized files (Serialized files now loaded: 0)
Unloading 8251 unused Assets / (11.1 MB). Loaded Objects now: 8898.
Memory consumption went from 165.9 MB to 154.8 MB.
Total: 12.639300 ms (FindLiveObjects: 0.706600 ms CreateObjectMapping: 0.733000 ms MarkObjects: 5.777300 ms  DeleteObjects: 5.421200 ms)

Prepare: number of updated asset objects reloaded= 0
========================================================================
Received Prepare
Begin MonoManager ReloadAssembly
- Loaded All Assemblies, in  0.733 seconds
Refreshing native plugins compatible for Editor in 0.75 ms, found 3 plugins.
Native extension for WindowsStandalone target not found
[Package Manager] Failed to launch server process. Reason: Unity was launched with the -noUpm command-line argument
[Package Manager] Unable to send message (not connected to server process).
[Package Manager] Cannot connect to Unity Package Manager local server
Error saving file Library/StateCache/LayerSettings/9e/9ecc5c3c162a7aba29bafa64c8b94b7c.json. Error: System.IO.IOException: Sharing violation on path D:\SEMESTER 5\GAME CERDAS\FP\Library\StateCache\LayerSettings\9e\9ecc5c3c162a7aba29bafa64c8b94b7c.json
  at System.IO.FileStream..ctor (System.String path, System.IO.FileMode mode, System.IO.FileAccess access, System.IO.FileShare share, System.Int32 bufferSize, System.Boolean anonymous, System.IO.FileOptions options) [0x0019e] in <152439c387994a8da523328132967f8d>:0 
  at System.IO.FileStream..ctor (System.String path, System.IO.FileMode mode, System.IO.FileAccess access, System.IO.FileShare share, System.Int32 bufferSize, System.IO.FileOptions options) [0x00000] in <152439c387994a8da523328132967f8d>:0 
  at (wrapper remoting-invoke-with-check) System.IO.FileStream..ctor(string,System.IO.FileMode,System.IO.FileAccess,System.IO.FileShare,int,System.IO.FileOptions)
  at System.IO.StreamWriter..ctor (System.String path, System.Boolean append, System.Text.Encoding encoding, System.Int32 bufferSize) [0x00055] in <152439c387994a8da523328132967f8d>:0 
  at System.IO.StreamWriter..ctor (System.String path, System.Boolean append, System.Text.Encoding encoding) [0x00000] in <152439c387994a8da523328132967f8d>:0 
  at (wrapper remoting-invoke-with-check) System.IO.StreamWriter..ctor(string,bool,System.Text.Encoding)
  at System.IO.File.WriteAllText (System.String path, System.String contents, System.Text.Encoding encoding) [0x00034] in <152439c387994a8da523328132967f8d>:0 
  at UnityEditor.StateCache`1[T].SetState (UnityEngine.Hash128 key, T obj) [0x0004b] in <f452aebcfc6a4120a1f2db5e6a15ab5a>:0 
UnityEngine.Debug:ExtractStackTraceNoAlloc (byte*,int,string)
UnityEngine.StackTraceUtility:ExtractStackTrace ()
UnityEngine.DebugLogHandler:Internal_Log (UnityEngine.LogType,UnityEngine.LogOption,string,UnityEngine.Object)
UnityEngine.DebugLogHandler:LogFormat (UnityEngine.LogType,UnityEngine.Object,string,object[])
UnityEngine.Logger:Log (UnityEngine.LogType,object)
UnityEngine.Debug:LogError (object)
UnityEditor.StateCache`1<UnityEditor.Tools/LayerSettings>:SetState (UnityEngine.Hash128,UnityEditor.Tools/LayerSettings)
UnityEditor.Tools:set_lockedLayers (int)
UnityEditor.Tools:OnEnable ()
UnityEngine.ScriptableObject:CreateScriptableObjectInstanceFromType (System.Type,bool)
UnityEngine.ScriptableObject:CreateInstance (System.Type)
UnityEngine.ScriptableObject:CreateInstance<UnityEditor.Tools> ()
UnityEditor.Tools:get_get ()
UnityEditor.Tools:get_visibleLayers ()
UnityEditor.Animations.Rigging.BoneRendererUtils:.cctor () (at ./Library/PackageCache/com.unity.animation.rigging@68167b505d2b/Editor/Utils/BoneRendererUtils.cs:121)
System.Runtime.CompilerServices.RuntimeHelpers:RunClassConstructor (System.RuntimeTypeHandle)
UnityEditor.EditorAssemblies:ProcessInitializeOnLoadAttributes (System.Type[])

(Filename: ./Library/PackageCache/com.unity.animation.rigging@68167b505d2b/Editor/Utils/BoneRendererUtils.cs Line: 121)

[MODES] ModeService[none].Initialize
[MODES] ModeService[none].LoadModes
Mono: successfully reloaded assembly
- Finished resetting the current domain, in  0.845 seconds
Domain Reload Profiling: 1583ms
	BeginReloadAssembly (203ms)
		ExecutionOrderSort (0ms)
		DisableScriptedObjects (5ms)
		BackupInstance (0ms)
		ReleaseScriptingObjects (0ms)
		CreateAndSetChildDomain (44ms)
	RebuildCommonClasses (30ms)
	RebuildNativeTypeToScriptingClass (12ms)
	initialDomainReloadingComplete (23ms)
	LoadAllAssembliesAndSetupDomain (470ms)
		LoadAssemblies (341ms)
		RebuildTransferFunctionScriptingTraits (0ms)
		AnalyzeDomain (232ms)
			TypeCache.Refresh (8ms)
				TypeCache.ScanAssembly (0ms)
			BuildScriptInfoCaches (206ms)
			ResolveRequiredComponents (12ms)
	FinalizeReload (846ms)
		ReleaseScriptCaches (0ms)
		RebuildScriptCaches (0ms)
		SetupLoadedEditorAssemblies (705ms)
			LogAssemblyErrors (0ms)
			InitializePlatformSupportModulesInManaged (2ms)
			SetLoadedEditorAssemblies (4ms)
			BeforeProcessingInitializeOnLoad (134ms)
			ProcessInitializeOnLoadAttributes (497ms)
			ProcessInitializeOnLoadMethodAttributes (66ms)
			AfterProcessingInitializeOnLoad (2ms)
			EditorAssembliesLoaded (0ms)
		ExecutionOrderSort2 (0ms)
		AwakeInstancesAfterBackupRestoration (15ms)
WARNING: Shader Unsupported: 'Hidden/Universal Render Pipeline/Terrain/Lit (Base Pass)' - All subshaders removed
WARNING: Shader Did you use #pragma only_renderers and omit this platform?
WARNING: Shader If subshaders removal was intentional, you may have forgotten turning Fallback off?
WARNING: Shader Unsupported: 'Hidden/Universal Render Pipeline/Terrain/Lit (Base Pass)' - All subshaders removed
WARNING: Shader Did you use #pragma only_renderers and omit this platform?
WARNING: Shader If subshaders removal was intentional, you may have forgotten turning Fallback off?
WARNING: Shader Unsupported: 'Universal Render Pipeline/Terrain/Lit' - All subshaders removed
WARNING: Shader Did you use #pragma only_renderers and omit this platform?
WARNING: Shader If subshaders removal was intentional, you may have forgotten turning Fallback off?
WARNING: Shader Unsupported: 'Universal Render Pipeline/Terrain/Lit' - All subshaders removed
WARNING: Shader Did you use #pragma only_renderers and omit this platform?
WARNING: Shader If subshaders removal was intentional, you may have forgotten turning Fallback off?
Refreshing native plugins compatible for Editor in 0.96 ms, found 3 plugins.
Preloading 0 native plugins for Editor in 0.00 ms.
Unloading 66 Unused Serialized files (Serialized files now loaded: 0)
Unloading 8251 unused Assets / (11.3 MB). Loaded Objects now: 8904.
Memory consumption went from 166.0 MB to 154.7 MB.
Total: 13.483700 ms (FindLiveObjects: 1.234600 ms CreateObjectMapping: 0.722500 ms MarkObjects: 5.576300 ms  DeleteObjects: 5.948700 ms)

Prepare: number of updated asset objects reloaded= 0
========================================================================
Received Prepare
Begin MonoManager ReloadAssembly
- Loaded All Assemblies, in  0.697 seconds
Refreshing native plugins compatible for Editor in 0.69 ms, found 3 plugins.
Native extension for WindowsStandalone target not found
[Package Manager] Failed to launch server process. Reason: Unity was launched with the -noUpm command-line argument
[Package Manager] Unable to send message (not connected to server process).
[Package Manager] Cannot connect to Unity Package Manager local server
Error saving file Library/StateCache/LayerSettings/9e/9ecc5c3c162a7aba29bafa64c8b94b7c.json. Error: System.IO.IOException: Sharing violation on path D:\SEMESTER 5\GAME CERDAS\FP\Library\StateCache\LayerSettings\9e\9ecc5c3c162a7aba29bafa64c8b94b7c.json
  at System.IO.FileStream..ctor (System.String path, System.IO.FileMode mode, System.IO.FileAccess access, System.IO.FileShare share, System.Int32 bufferSize, System.Boolean anonymous, System.IO.FileOptions options) [0x0019e] in <152439c387994a8da523328132967f8d>:0 
  at System.IO.FileStream..ctor (System.String path, System.IO.FileMode mode, System.IO.FileAccess access, System.IO.FileShare share, System.Int32 bufferSize, System.IO.FileOptions options) [0x00000] in <152439c387994a8da523328132967f8d>:0 
  at (wrapper remoting-invoke-with-check) System.IO.FileStream..ctor(string,System.IO.FileMode,System.IO.FileAccess,System.IO.FileShare,int,System.IO.FileOptions)
  at System.IO.StreamWriter..ctor (System.String path, System.Boolean append, System.Text.Encoding encoding, System.Int32 bufferSize) [0x00055] in <152439c387994a8da523328132967f8d>:0 
  at System.IO.StreamWriter..ctor (System.String path, System.Boolean append, System.Text.Encoding encoding) [0x00000] in <152439c387994a8da523328132967f8d>:0 
  at (wrapper remoting-invoke-with-check) System.IO.StreamWriter..ctor(string,bool,System.Text.Encoding)
  at System.IO.File.WriteAllText (System.String path, System.String contents, System.Text.Encoding encoding) [0x00034] in <152439c387994a8da523328132967f8d>:0 
  at UnityEditor.StateCache`1[T].SetState (UnityEngine.Hash128 key, T obj) [0x0004b] in <f452aebcfc6a4120a1f2db5e6a15ab5a>:0 
UnityEngine.Debug:ExtractStackTraceNoAlloc (byte*,int,string)
UnityEngine.StackTraceUtility:ExtractStackTrace ()
UnityEngine.DebugLogHandler:Internal_Log (UnityEngine.LogType,UnityEngine.LogOption,string,UnityEngine.Object)
UnityEngine.DebugLogHandler:LogFormat (UnityEngine.LogType,UnityEngine.Object,string,object[])
UnityEngine.Logger:Log (UnityEngine.LogType,object)
UnityEngine.Debug:LogError (object)
UnityEditor.StateCache`1<UnityEditor.Tools/LayerSettings>:SetState (UnityEngine.Hash128,UnityEditor.Tools/LayerSettings)
UnityEditor.Tools:set_lockedLayers (int)
UnityEditor.Tools:OnEnable ()
UnityEngine.ScriptableObject:CreateScriptableObjectInstanceFromType (System.Type,bool)
UnityEngine.ScriptableObject:CreateInstance (System.Type)
UnityEngine.ScriptableObject:CreateInstance<UnityEditor.Tools> ()
UnityEditor.Tools:get_get ()
UnityEditor.Tools:get_visibleLayers ()
UnityEditor.Animations.Rigging.BoneRendererUtils:.cctor () (at ./Library/PackageCache/com.unity.animation.rigging@68167b505d2b/Editor/Utils/BoneRendererUtils.cs:121)
System.Runtime.CompilerServices.RuntimeHelpers:RunClassConstructor (System.RuntimeTypeHandle)
UnityEditor.EditorAssemblies:ProcessInitializeOnLoadAttributes (System.Type[])

(Filename: ./Library/PackageCache/com.unity.animation.rigging@68167b505d2b/Editor/Utils/BoneRendererUtils.cs Line: 121)

[MODES] ModeService[none].Initialize
[MODES] ModeService[none].LoadModes
Mono: successfully reloaded assembly
- Finished resetting the current domain, in  0.820 seconds
Domain Reload Profiling: 1523ms
	BeginReloadAssembly (196ms)
		ExecutionOrderSort (0ms)
		DisableScriptedObjects (4ms)
		BackupInstance (0ms)
		ReleaseScriptingObjects (0ms)
		CreateAndSetChildDomain (45ms)
	RebuildCommonClasses (34ms)
	RebuildNativeTypeToScriptingClass (12ms)
	initialDomainReloadingComplete (20ms)
	LoadAllAssembliesAndSetupDomain (440ms)
		LoadAssemblies (322ms)
		RebuildTransferFunctionScriptingTraits (0ms)
		AnalyzeDomain (216ms)
			TypeCache.Refresh (7ms)
				TypeCache.ScanAssembly (0ms)
			BuildScriptInfoCaches (191ms)
			ResolveRequiredComponents (11ms)
	FinalizeReload (821ms)
		ReleaseScriptCaches (0ms)
		RebuildScriptCaches (0ms)
		SetupLoadedEditorAssemblies (682ms)
			LogAssemblyErrors (0ms)
			InitializePlatformSupportModulesInManaged (2ms)
			SetLoadedEditorAssemblies (3ms)
			BeforeProcessingInitializeOnLoad (135ms)
			ProcessInitializeOnLoadAttributes (475ms)
			ProcessInitializeOnLoadMethodAttributes (64ms)
			AfterProcessingInitializeOnLoad (2ms)
			EditorAssembliesLoaded (0ms)
		ExecutionOrderSort2 (0ms)
		AwakeInstancesAfterBackupRestoration (15ms)
WARNING: Shader Unsupported: 'Hidden/Universal Render Pipeline/Terrain/Lit (Base Pass)' - All subshaders removed
WARNING: Shader Did you use #pragma only_renderers and omit this platform?
WARNING: Shader If subshaders removal was intentional, you may have forgotten turning Fallback off?
WARNING: Shader Unsupported: 'Hidden/Universal Render Pipeline/Terrain/Lit (Base Pass)' - All subshaders removed
WARNING: Shader Did you use #pragma only_renderers and omit this platform?
WARNING: Shader If subshaders removal was intentional, you may have forgotten turning Fallback off?
WARNING: Shader Unsupported: 'Universal Render Pipeline/Terrain/Lit' - All subshaders removed
WARNING: Shader Did you use #pragma only_renderers and omit this platform?
WARNING: Shader If subshaders removal was intentional, you may have forgotten turning Fallback off?
WARNING: Shader Unsupported: 'Universal Render Pipeline/Terrain/Lit' - All subshaders removed
WARNING: Shader Did you use #pragma only_renderers and omit this platform?
WARNING: Shader If subshaders removal was intentional, you may have forgotten turning Fallback off?
Refreshing native plugins compatible for Editor in 0.96 ms, found 3 plugins.
Preloading 0 native plugins for Editor in 0.00 ms.
Unloading 66 Unused Serialized files (Serialized files now loaded: 0)
Unloading 8251 unused Assets / (10.7 MB). Loaded Objects now: 8910.
Memory consumption went from 166.0 MB to 155.3 MB.
Total: 13.180700 ms (FindLiveObjects: 0.713100 ms CreateObjectMapping: 0.813800 ms MarkObjects: 6.007700 ms  DeleteObjects: 5.644700 ms)

Prepare: number of updated asset objects reloaded= 0
========================================================================
Received Prepare
Begin MonoManager ReloadAssembly
- Loaded All Assemblies, in  0.695 seconds
Refreshing native plugins compatible for Editor in 0.56 ms, found 3 plugins.
Native extension for WindowsStandalone target not found
[Package Manager] Failed to launch server process. Reason: Unity was launched with the -noUpm command-line argument
[Package Manager] Unable to send message (not connected to server process).
[Package Manager] Cannot connect to Unity Package Manager local server
[MODES] ModeService[none].Initialize
[MODES] ModeService[none].LoadModes
Error saving file Library/StateCache/LayerSettings/9e/9ecc5c3c162a7aba29bafa64c8b94b7c.json. Error: System.IO.IOException: Sharing violation on path D:\SEMESTER 5\GAME CERDAS\FP\Library\StateCache\LayerSettings\9e\9ecc5c3c162a7aba29bafa64c8b94b7c.json
  at System.IO.FileStream..ctor (System.String path, System.IO.FileMode mode, System.IO.FileAccess access, System.IO.FileShare share, System.Int32 bufferSize, System.Boolean anonymous, System.IO.FileOptions options) [0x0019e] in <152439c387994a8da523328132967f8d>:0 
  at System.IO.FileStream..ctor (System.String path, System.IO.FileMode mode, System.IO.FileAccess access, System.IO.FileShare share, System.Int32 bufferSize, System.IO.FileOptions options) [0x00000] in <152439c387994a8da523328132967f8d>:0 
  at (wrapper remoting-invoke-with-check) System.IO.FileStream..ctor(string,System.IO.FileMode,System.IO.FileAccess,System.IO.FileShare,int,System.IO.FileOptions)
  at System.IO.StreamWriter..ctor (System.String path, System.Boolean append, System.Text.Encoding encoding, System.Int32 bufferSize) [0x00055] in <152439c387994a8da523328132967f8d>:0 
  at System.IO.StreamWriter..ctor (System.String path, System.Boolean append, System.Text.Encoding encoding) [0x00000] in <152439c387994a8da523328132967f8d>:0 
  at (wrapper remoting-invoke-with-check) System.IO.StreamWriter..ctor(string,bool,System.Text.Encoding)
  at System.IO.File.WriteAllText (System.String path, System.String contents, System.Text.Encoding encoding) [0x00034] in <152439c387994a8da523328132967f8d>:0 
  at UnityEditor.StateCache`1[T].SetState (UnityEngine.Hash128 key, T obj) [0x0004b] in <f452aebcfc6a4120a1f2db5e6a15ab5a>:0 
UnityEngine.Debug:ExtractStackTraceNoAlloc (byte*,int,string)
UnityEngine.StackTraceUtility:ExtractStackTrace ()
UnityEngine.DebugLogHandler:Internal_Log (UnityEngine.LogType,UnityEngine.LogOption,string,UnityEngine.Object)
UnityEngine.DebugLogHandler:LogFormat (UnityEngine.LogType,UnityEngine.Object,string,object[])
UnityEngine.Logger:Log (UnityEngine.LogType,object)
UnityEngine.Debug:LogError (object)
UnityEditor.StateCache`1<UnityEditor.Tools/LayerSettings>:SetState (UnityEngine.Hash128,UnityEditor.Tools/LayerSettings)
UnityEditor.Tools:set_lockedLayers (int)
UnityEditor.Tools:OnEnable ()

Mono: successfully reloaded assembly
- Finished resetting the current domain, in  0.846 seconds
Domain Reload Profiling: 1547ms
	BeginReloadAssembly (202ms)
		ExecutionOrderSort (0ms)
		DisableScriptedObjects (5ms)
		BackupInstance (0ms)
		ReleaseScriptingObjects (0ms)
		CreateAndSetChildDomain (46ms)
	RebuildCommonClasses (30ms)
	RebuildNativeTypeToScriptingClass (11ms)
	initialDomainReloadingComplete (21ms)
	LoadAllAssembliesAndSetupDomain (436ms)
		LoadAssemblies (324ms)
		RebuildTransferFunctionScriptingTraits (0ms)
		AnalyzeDomain (213ms)
			TypeCache.Refresh (7ms)
				TypeCache.ScanAssembly (0ms)
			BuildScriptInfoCaches (189ms)
			ResolveRequiredComponents (11ms)
	FinalizeReload (847ms)
		ReleaseScriptCaches (0ms)
		RebuildScriptCaches (0ms)
		SetupLoadedEditorAssemblies (713ms)
			LogAssemblyErrors (0ms)
			InitializePlatformSupportModulesInManaged (2ms)
			SetLoadedEditorAssemblies (3ms)
			BeforeProcessingInitializeOnLoad (131ms)
			ProcessInitializeOnLoadAttributes (509ms)
			ProcessInitializeOnLoadMethodAttributes (65ms)
			AfterProcessingInitializeOnLoad (2ms)
			EditorAssembliesLoaded (0ms)
		ExecutionOrderSort2 (0ms)
		AwakeInstancesAfterBackupRestoration (18ms)
WARNING: Shader Unsupported: 'Hidden/Universal Render Pipeline/Terrain/Lit (Base Pass)' - All subshaders removed
WARNING: Shader Did you use #pragma only_renderers and omit this platform?
WARNING: Shader If subshaders removal was intentional, you may have forgotten turning Fallback off?
WARNING: Shader Unsupported: 'Hidden/Universal Render Pipeline/Terrain/Lit (Base Pass)' - All subshaders removed
WARNING: Shader Did you use #pragma only_renderers and omit this platform?
WARNING: Shader If subshaders removal was intentional, you may have forgotten turning Fallback off?
WARNING: Shader Unsupported: 'Universal Render Pipeline/Terrain/Lit' - All subshaders removed
WARNING: Shader Did you use #pragma only_renderers and omit this platform?
WARNING: Shader If subshaders removal was intentional, you may have forgotten turning Fallback off?
WARNING: Shader Unsupported: 'Universal Render Pipeline/Terrain/Lit' - All subshaders removed
WARNING: Shader Did you use #pragma only_renderers and omit this platform?
WARNING: Shader If subshaders removal was intentional, you may have forgotten turning Fallback off?
Refreshing native plugins compatible for Editor in 0.68 ms, found 3 plugins.
Preloading 0 native plugins for Editor in 0.00 ms.
Unloading 66 Unused Serialized files (Serialized files now loaded: 0)
Unloading 8251 unused Assets / (10.8 MB). Loaded Objects now: 8916.
Memory consumption went from 166.0 MB to 155.2 MB.
Total: 13.420300 ms (FindLiveObjects: 0.808700 ms CreateObjectMapping: 0.996200 ms MarkObjects: 6.012500 ms  DeleteObjects: 5.600700 ms)

Prepare: number of updated asset objects reloaded= 0
========================================================================
Received Import Request.
  Time since last request: 910.024726 seconds.
  path: Assets/Soal/Soal2.asset
  artifactKey: Guid(98dfeac3c11c9b246b2d6c0754aa1faa) Importer(815301076,1909f56bfc062723c751e8b465ee728b)
Start importing Assets/Soal/Soal2.asset using Guid(98dfeac3c11c9b246b2d6c0754aa1faa) Importer(815301076,1909f56bfc062723c751e8b465ee728b) (PreviewImporter) -> (artifact id: '725393614aeb35e4a8c2d0149472b17b') in 0.0411642 seconds
Number of updated asset objects reloaded before import = 0Number of asset objects unloaded after import = 1

========================================================================
Received Import Request.
  Time since last request: 110.939092 seconds.
  path: Assets/Soal/Soal2.asset
  artifactKey: Guid(98dfeac3c11c9b246b2d6c0754aa1faa) Importer(815301076,1909f56bfc062723c751e8b465ee728b)
Start importing Assets/Soal/Soal2.asset using Guid(98dfeac3c11c9b246b2d6c0754aa1faa) Importer(815301076,1909f56bfc062723c751e8b465ee728b) (PreviewImporter) -> (artifact id: 'ebfbe5c1f52845ec1bac524c5fa3c165') in 0.0021385 seconds
Number of updated asset objects reloaded before import = 0Number of asset objects unloaded after import = 1

========================================================================
Received Import Request.
  Time since last request: 2.086398 seconds.
  path: Assets/QuizzBank_Easy.asset
  artifactKey: Guid(5f7430d6927d503488d58f3cb5b22c74) Importer(815301076,1909f56bfc062723c751e8b465ee728b)
Start importing Assets/QuizzBank_Easy.asset using Guid(5f7430d6927d503488d58f3cb5b22c74) Importer(815301076,1909f56bfc062723c751e8b465ee728b) (PreviewImporter) -> (artifact id: '47291767db06e22f43a5beab85808a3a') in 0.0018265 seconds
Number of updated asset objects reloaded before import = 0Number of asset objects unloaded after import = 2

========================================================================
Received Import Request.
  Time since last request: 10.371961 seconds.
  path: Assets/Soal/Soal3.asset
  artifactKey: Guid(4367c78a96c4b1842b3bac6e776f0c3a) Importer(815301076,1909f56bfc062723c751e8b465ee728b)
Start importing Assets/Soal/Soal3.asset using Guid(4367c78a96c4b1842b3bac6e776f0c3a) Importer(815301076,1909f56bfc062723c751e8b465ee728b) (PreviewImporter) -> (artifact id: 'a4321d3696531e9e3b1d07d022ea7a64') in 0.0009846 seconds
Number of updated asset objects reloaded before import = 0Number of asset objects unloaded after import = 1

========================================================================
Received Import Request.
  Time since last request: 44.866165 seconds.
  path: Assets/Soal/Soal4.asset
  artifactKey: Guid(6b770e2d8eb05e343b422d7c9e08e9a0) Importer(815301076,1909f56bfc062723c751e8b465ee728b)
Start importing Assets/Soal/Soal4.asset using Guid(6b770e2d8eb05e343b422d7c9e08e9a0) Importer(815301076,1909f56bfc062723c751e8b465ee728b) (PreviewImporter) -> (artifact id: '764c8c3b1bd5bcc860485d17622479fa') in 0.0012449 seconds
Number of updated asset objects reloaded before import = 0Number of asset objects unloaded after import = 1

========================================================================
Received Import Request.
  Time since last request: 43.021070 seconds.
  path: Assets/Soal/Soal5.asset
  artifactKey: Guid(23379acc607973a4c814c0c8e9fa3bf5) Importer(815301076,1909f56bfc062723c751e8b465ee728b)
Start importing Assets/Soal/Soal5.asset using Guid(23379acc607973a4c814c0c8e9fa3bf5) Importer(815301076,1909f56bfc062723c751e8b465ee728b) (PreviewImporter) -> (artifact id: 'e0e5085f71c4ebfd9a763e2577960158') in 0.0012589 seconds
Number of updated asset objects reloaded before import = 0Number of asset objects unloaded after import = 1

========================================================================
Received Import Request.
  Time since last request: 34.812790 seconds.
  path: Assets/Soal/Soal6.asset
  artifactKey: Guid(2a1f210c3ae21dc4498a1aadd1e12bc0) Importer(815301076,1909f56bfc062723c751e8b465ee728b)
Start importing Assets/Soal/Soal6.asset using Guid(2a1f210c3ae21dc4498a1aadd1e12bc0) Importer(815301076,1909f56bfc062723c751e8b465ee728b) (PreviewImporter) -> (artifact id: '12f68a4d4ee002e662a02621ddcefea5') in 0.0011811 seconds
Number of updated asset objects reloaded before import = 0Number of asset objects unloaded after import = 1

========================================================================
Received Prepare
WARNING: Shader Unsupported: 'Hidden/Universal Render Pipeline/Terrain/Lit (Base Pass)' - All subshaders removed
WARNING: Shader Did you use #pragma only_renderers and omit this platform?
WARNING: Shader If subshaders removal was intentional, you may have forgotten turning Fallback off?
WARNING: Shader Unsupported: 'Hidden/Universal Render Pipeline/Terrain/Lit (Base Pass)' - All subshaders removed
WARNING: Shader Did you use #pragma only_renderers and omit this platform?
WARNING: Shader If subshaders removal was intentional, you may have forgotten turning Fallback off?
WARNING: Shader Unsupported: 'Universal Render Pipeline/Terrain/Lit' - All subshaders removed
WARNING: Shader Did you use #pragma only_renderers and omit this platform?
WARNING: Shader If subshaders removal was intentional, you may have forgotten turning Fallback off?
WARNING: Shader Unsupported: 'Universal Render Pipeline/Terrain/Lit' - All subshaders removed
WARNING: Shader Did you use #pragma only_renderers and omit this platform?
WARNING: Shader If subshaders removal was intentional, you may have forgotten turning Fallback off?
Refreshing native plugins compatible for Editor in 1.13 ms, found 3 plugins.
Preloading 0 native plugins for Editor in 0.00 ms.
Unloading 66 Unused Serialized files (Serialized files now loaded: 0)
Unloading 8244 unused Assets / (10.9 MB). Loaded Objects now: 8917.
Memory consumption went from 166.2 MB to 155.3 MB.
Total: 14.407100 ms (FindLiveObjects: 0.847000 ms CreateObjectMapping: 0.799200 ms MarkObjects: 7.948700 ms  DeleteObjects: 4.811000 ms)

Prepare: number of updated asset objects reloaded= 0
========================================================================
Received Prepare
Begin MonoManager ReloadAssembly
- Loaded All Assemblies, in  1.127 seconds
Refreshing native plugins compatible for Editor in 2.00 ms, found 3 plugins.
Native extension for WindowsStandalone target not found
[Package Manager] Failed to launch server process. Reason: Unity was launched with the -noUpm command-line argument
[Package Manager] Unable to send message (not connected to server process).
[Package Manager] Cannot connect to Unity Package Manager local server
[MODES] ModeService[none].Initialize
[MODES] ModeService[none].LoadModes
Mono: successfully reloaded assembly
- Finished resetting the current domain, in  1.286 seconds
Domain Reload Profiling: 2419ms
	BeginReloadAssembly (344ms)
		ExecutionOrderSort (0ms)
		DisableScriptedObjects (9ms)
		BackupInstance (0ms)
		ReleaseScriptingObjects (0ms)
		CreateAndSetChildDomain (67ms)
	RebuildCommonClasses (49ms)
	RebuildNativeTypeToScriptingClass (18ms)
	initialDomainReloadingComplete (33ms)
	LoadAllAssembliesAndSetupDomain (688ms)
		LoadAssemblies (553ms)
		RebuildTransferFunctionScriptingTraits (0ms)
		AnalyzeDomain (330ms)
			TypeCache.Refresh (16ms)
				TypeCache.ScanAssembly (2ms)
			BuildScriptInfoCaches (291ms)
			ResolveRequiredComponents (17ms)
	FinalizeReload (1287ms)
		ReleaseScriptCaches (0ms)
		RebuildScriptCaches (0ms)
		SetupLoadedEditorAssemblies (1072ms)
			LogAssemblyErrors (0ms)
			InitializePlatformSupportModulesInManaged (4ms)
			SetLoadedEditorAssemblies (5ms)
			BeforeProcessingInitializeOnLoad (207ms)
			ProcessInitializeOnLoadAttributes (743ms)
			ProcessInitializeOnLoadMethodAttributes (111ms)
			AfterProcessingInitializeOnLoad (3ms)
			EditorAssembliesLoaded (1ms)
		ExecutionOrderSort2 (0ms)
		AwakeInstancesAfterBackupRestoration (18ms)
WARNING: Shader Unsupported: 'Hidden/Universal Render Pipeline/Terrain/Lit (Base Pass)' - All subshaders removed
WARNING: Shader Did you use #pragma only_renderers and omit this platform?
WARNING: Shader If subshaders removal was intentional, you may have forgotten turning Fallback off?
WARNING: Shader Unsupported: 'Hidden/Universal Render Pipeline/Terrain/Lit (Base Pass)' - All subshaders removed
WARNING: Shader Did you use #pragma only_renderers and omit this platform?
WARNING: Shader If subshaders removal was intentional, you may have forgotten turning Fallback off?
WARNING: Shader Unsupported: 'Universal Render Pipeline/Terrain/Lit' - All subshaders removed
WARNING: Shader Did you use #pragma only_renderers and omit this platform?
WARNING: Shader If subshaders removal was intentional, you may have forgotten turning Fallback off?
WARNING: Shader Unsupported: 'Universal Render Pipeline/Terrain/Lit' - All subshaders removed
WARNING: Shader Did you use #pragma only_renderers and omit this platform?
WARNING: Shader If subshaders removal was intentional, you may have forgotten turning Fallback off?
Refreshing native plugins compatible for Editor in 1.40 ms, found 3 plugins.
Preloading 0 native plugins for Editor in 0.00 ms.
Unloading 66 Unused Serialized files (Serialized files now loaded: 0)
Unloading 8252 unused Assets / (11.0 MB). Loaded Objects now: 8923.
Memory consumption went from 166.0 MB to 155.0 MB.
Total: 17.216900 ms (FindLiveObjects: 1.550600 ms CreateObjectMapping: 1.208800 ms MarkObjects: 7.768800 ms  DeleteObjects: 6.686800 ms)

Prepare: number of updated asset objects reloaded= 0
========================================================================
Received Import Request.
  Time since last request: 531.929726 seconds.
  path: Assets/Scripts/QuizCSVImporter.cs
  artifactKey: Guid(e4651057538bad5479ced5582ad54bd9) Importer(815301076,1909f56bfc062723c751e8b465ee728b)
Start importing Assets/Scripts/QuizCSVImporter.cs using Guid(e4651057538bad5479ced5582ad54bd9) Importer(815301076,1909f56bfc062723c751e8b465ee728b) (PreviewImporter) -> (artifact id: '00000000000000000000000000000000') in 0.0064852 seconds
Import Error Code:(4)
Message: Build asset version error: assets/scripts/quizcsvimporter.cs in SourceAssetDB has modification time of '2025-10-08T07:49:27.8182292Z' while content on disk has modification time of '2025-10-08T07:49:38.1918141Z'
  ERROR: Build asset version error: assets/scripts/quizcsvimporter.cs in SourceAssetDB has modification time of '2025-10-08T07:49:27.8182292Z' while content on disk has modification time of '2025-10-08T07:49:38.1918141Z'
Number of updated asset objects reloaded before import = 0Number of asset objects unloaded after import = 0

========================================================================
Received Import Request.
  Time since last request: 0.003690 seconds.
  path: Assets/Scripts/QuizCSVImporter.cs
  artifactKey: Guid(e4651057538bad5479ced5582ad54bd9) Importer(815301076,1909f56bfc062723c751e8b465ee728b)
Start importing Assets/Scripts/QuizCSVImporter.cs using Guid(e4651057538bad5479ced5582ad54bd9) Importer(815301076,1909f56bfc062723c751e8b465ee728b) (PreviewImporter) -> (artifact id: '00000000000000000000000000000000') in 0.0009997 seconds
Import Error Code:(4)
Message: Build asset version error: assets/scripts/quizcsvimporter.cs in SourceAssetDB has modification time of '2025-10-08T07:49:27.8182292Z' while content on disk has modification time of '2025-10-08T07:49:38.1918141Z'
  ERROR: Build asset version error: assets/scripts/quizcsvimporter.cs in SourceAssetDB has modification time of '2025-10-08T07:49:27.8182292Z' while content on disk has modification time of '2025-10-08T07:49:38.1918141Z'
Number of updated asset objects reloaded before import = 0Number of asset objects unloaded after import = 0

========================================================================
Received Import Request.
  Time since last request: 0.001667 seconds.
  path: Assets/Scripts/QuizCSVImporter.cs
  artifactKey: Guid(e4651057538bad5479ced5582ad54bd9) Importer(815301076,1909f56bfc062723c751e8b465ee728b)
Start importing Assets/Scripts/QuizCSVImporter.cs using Guid(e4651057538bad5479ced5582ad54bd9) Importer(815301076,1909f56bfc062723c751e8b465ee728b) (PreviewImporter) -> (artifact id: '00000000000000000000000000000000') in 0.0008771 seconds
Import Error Code:(4)
Message: Build asset version error: assets/scripts/quizcsvimporter.cs in SourceAssetDB has modification time of '2025-10-08T07:49:27.8182292Z' while content on disk has modification time of '2025-10-08T07:49:38.1918141Z'
  ERROR: Build asset version error: assets/scripts/quizcsvimporter.cs in SourceAssetDB has modification time of '2025-10-08T07:49:27.8182292Z' while content on disk has modification time of '2025-10-08T07:49:38.1918141Z'
Number of updated asset objects reloaded before import = 0Number of asset objects unloaded after import = 0

========================================================================
Received Import Request.
  Time since last request: 0.001753 seconds.
  path: Assets/Scripts/QuizCSVImporter.cs
  artifactKey: Guid(e4651057538bad5479ced5582ad54bd9) Importer(815301076,1909f56bfc062723c751e8b465ee728b)
Start importing Assets/Scripts/QuizCSVImporter.cs using Guid(e4651057538bad5479ced5582ad54bd9) Importer(815301076,1909f56bfc062723c751e8b465ee728b) (PreviewImporter) -> (artifact id: '00000000000000000000000000000000') in 0.0007725 seconds
Import Error Code:(4)
Message: Build asset version error: assets/scripts/quizcsvimporter.cs in SourceAssetDB has modification time of '2025-10-08T07:49:27.8182292Z' while content on disk has modification time of '2025-10-08T07:49:38.1918141Z'
  ERROR: Build asset version error: assets/scripts/quizcsvimporter.cs in SourceAssetDB has modification time of '2025-10-08T07:49:27.8182292Z' while content on disk has modification time of '2025-10-08T07:49:38.1918141Z'
Number of updated asset objects reloaded before import = 0Number of asset objects unloaded after import = 0

========================================================================
Received Import Request.
  Time since last request: 0.002927 seconds.
  path: Assets/Scripts/QuizCSVImporter.cs
  artifactKey: Guid(e4651057538bad5479ced5582ad54bd9) Importer(815301076,1909f56bfc062723c751e8b465ee728b)
Start importing Assets/Scripts/QuizCSVImporter.cs using Guid(e4651057538bad5479ced5582ad54bd9) Importer(815301076,1909f56bfc062723c751e8b465ee728b) (PreviewImporter) -> (artifact id: '00000000000000000000000000000000') in 0.0008544 seconds
Import Error Code:(4)
Message: Build asset version error: assets/scripts/quizcsvimporter.cs in SourceAssetDB has modification time of '2025-10-08T07:49:27.8182292Z' while content on disk has modification time of '2025-10-08T07:49:38.1918141Z'
  ERROR: Build asset version error: assets/scripts/quizcsvimporter.cs in SourceAssetDB has modification time of '2025-10-08T07:49:27.8182292Z' while content on disk has modification time of '2025-10-08T07:49:38.1918141Z'
Number of updated asset objects reloaded before import = 0Number of asset objects unloaded after import = 0

========================================================================
Received Import Request.
  Time since last request: 0.001277 seconds.
  path: Assets/Scripts/QuizCSVImporter.cs
  artifactKey: Guid(e4651057538bad5479ced5582ad54bd9) Importer(815301076,1909f56bfc062723c751e8b465ee728b)
Start importing Assets/Scripts/QuizCSVImporter.cs using Guid(e4651057538bad5479ced5582ad54bd9) Importer(815301076,1909f56bfc062723c751e8b465ee728b) (PreviewImporter) -> (artifact id: '00000000000000000000000000000000') in 0.0008633 seconds
Import Error Code:(4)
Message: Build asset version error: assets/scripts/quizcsvimporter.cs in SourceAssetDB has modification time of '2025-10-08T07:49:27.8182292Z' while content on disk has modification time of '2025-10-08T07:49:38.1918141Z'
  ERROR: Build asset version error: assets/scripts/quizcsvimporter.cs in SourceAssetDB has modification time of '2025-10-08T07:49:27.8182292Z' while content on disk has modification time of '2025-10-08T07:49:38.1918141Z'
Number of updated asset objects reloaded before import = 0Number of asset objects unloaded after import = 0

========================================================================
Received Import Request.
  Time since last request: 0.002475 seconds.
  path: Assets/Scripts/QuizCSVImporter.cs
  artifactKey: Guid(e4651057538bad5479ced5582ad54bd9) Importer(815301076,1909f56bfc062723c751e8b465ee728b)
Start importing Assets/Scripts/QuizCSVImporter.cs using Guid(e4651057538bad5479ced5582ad54bd9) Importer(815301076,1909f56bfc062723c751e8b465ee728b) (PreviewImporter) -> (artifact id: '00000000000000000000000000000000') in 0.001036 seconds
Import Error Code:(4)
Message: Build asset version error: assets/scripts/quizcsvimporter.cs in SourceAssetDB has modification time of '2025-10-08T07:49:27.8182292Z' while content on disk has modification time of '2025-10-08T07:49:38.1918141Z'
  ERROR: Build asset version error: assets/scripts/quizcsvimporter.cs in SourceAssetDB has modification time of '2025-10-08T07:49:27.8182292Z' while content on disk has modification time of '2025-10-08T07:49:38.1918141Z'
Number of updated asset objects reloaded before import = 0Number of asset objects unloaded after import = 0

========================================================================
Received Import Request.
  Time since last request: 0.002193 seconds.
  path: Assets/Scripts/QuizCSVImporter.cs
  artifactKey: Guid(e4651057538bad5479ced5582ad54bd9) Importer(815301076,1909f56bfc062723c751e8b465ee728b)
Start importing Assets/Scripts/QuizCSVImporter.cs using Guid(e4651057538bad5479ced5582ad54bd9) Importer(815301076,1909f56bfc062723c751e8b465ee728b) (PreviewImporter) -> (artifact id: '00000000000000000000000000000000') in 0.0007721 seconds
Import Error Code:(4)
Message: Build asset version error: assets/scripts/quizcsvimporter.cs in SourceAssetDB has modification time of '2025-10-08T07:49:27.8182292Z' while content on disk has modification time of '2025-10-08T07:49:38.1918141Z'
  ERROR: Build asset version error: assets/scripts/quizcsvimporter.cs in SourceAssetDB has modification time of '2025-10-08T07:49:27.8182292Z' while content on disk has modification time of '2025-10-08T07:49:38.1918141Z'
Number of updated asset objects reloaded before import = 0Number of asset objects unloaded after import = 0

========================================================================
Received Import Request.
  Time since last request: 0.001885 seconds.
  path: Assets/Scripts/QuizCSVImporter.cs
  artifactKey: Guid(e4651057538bad5479ced5582ad54bd9) Importer(815301076,1909f56bfc062723c751e8b465ee728b)
Start importing Assets/Scripts/QuizCSVImporter.cs using Guid(e4651057538bad5479ced5582ad54bd9) Importer(815301076,1909f56bfc062723c751e8b465ee728b) (PreviewImporter) -> (artifact id: '00000000000000000000000000000000') in 0.0007436 seconds
Import Error Code:(4)
Message: Build asset version error: assets/scripts/quizcsvimporter.cs in SourceAssetDB has modification time of '2025-10-08T07:49:27.8182292Z' while content on disk has modification time of '2025-10-08T07:49:38.1918141Z'
  ERROR: Build asset version error: assets/scripts/quizcsvimporter.cs in SourceAssetDB has modification time of '2025-10-08T07:49:27.8182292Z' while content on disk has modification time of '2025-10-08T07:49:38.1918141Z'
Number of updated asset objects reloaded before import = 0Number of asset objects unloaded after import = 0

========================================================================
Received Import Request.
  Time since last request: 0.002063 seconds.
  path: Assets/Scripts/QuizCSVImporter.cs
  artifactKey: Guid(e4651057538bad5479ced5582ad54bd9) Importer(815301076,1909f56bfc062723c751e8b465ee728b)
Start importing Assets/Scripts/QuizCSVImporter.cs using Guid(e4651057538bad5479ced5582ad54bd9) Importer(815301076,1909f56bfc062723c751e8b465ee728b) (PreviewImporter) -> (artifact id: '00000000000000000000000000000000') in 0.0008694 seconds
Import Error Code:(4)
Message: Build asset version error: assets/scripts/quizcsvimporter.cs in SourceAssetDB has modification time of '2025-10-08T07:49:27.8182292Z' while content on disk has modification time of '2025-10-08T07:49:38.1918141Z'
  ERROR: Build asset version error: assets/scripts/quizcsvimporter.cs in SourceAssetDB has modification time of '2025-10-08T07:49:27.8182292Z' while content on disk has modification time of '2025-10-08T07:49:38.1918141Z'
Number of updated asset objects reloaded before import = 0Number of asset objects unloaded after import = 0

========================================================================
Received Import Request.
  Time since last request: 0.002546 seconds.
  path: Assets/Scripts/QuizCSVImporter.cs
  artifactKey: Guid(e4651057538bad5479ced5582ad54bd9) Importer(815301076,1909f56bfc062723c751e8b465ee728b)
Start importing Assets/Scripts/QuizCSVImporter.cs using Guid(e4651057538bad5479ced5582ad54bd9) Importer(815301076,1909f56bfc062723c751e8b465ee728b) (PreviewImporter) -> (artifact id: '00000000000000000000000000000000') in 0.0008483 seconds
Import Error Code:(4)
Message: Build asset version error: assets/scripts/quizcsvimporter.cs in SourceAssetDB has modification time of '2025-10-08T07:49:27.8182292Z' while content on disk has modification time of '2025-10-08T07:49:38.1918141Z'
  ERROR: Build asset version error: assets/scripts/quizcsvimporter.cs in SourceAssetDB has modification time of '2025-10-08T07:49:27.8182292Z' while content on disk has modification time of '2025-10-08T07:49:38.1918141Z'
Number of updated asset objects reloaded before import = 0Number of asset objects unloaded after import = 0

========================================================================
Received Import Request.
  Time since last request: 0.001699 seconds.
  path: Assets/Scripts/QuizCSVImporter.cs
  artifactKey: Guid(e4651057538bad5479ced5582ad54bd9) Importer(815301076,1909f56bfc062723c751e8b465ee728b)
Start importing Assets/Scripts/QuizCSVImporter.cs using Guid(e4651057538bad5479ced5582ad54bd9) Importer(815301076,1909f56bfc062723c751e8b465ee728b) (PreviewImporter) -> (artifact id: '00000000000000000000000000000000') in 0.001047 seconds
Import Error Code:(4)
Message: Build asset version error: assets/scripts/quizcsvimporter.cs in SourceAssetDB has modification time of '2025-10-08T07:49:27.8182292Z' while content on disk has modification time of '2025-10-08T07:49:38.1918141Z'
  ERROR: Build asset version error: assets/scripts/quizcsvimporter.cs in SourceAssetDB has modification time of '2025-10-08T07:49:27.8182292Z' while content on disk has modification time of '2025-10-08T07:49:38.1918141Z'
Number of updated asset objects reloaded before import = 0Number of asset objects unloaded after import = 0

========================================================================
Received Import Request.
  Time since last request: 0.001015 seconds.
  path: Assets/Scripts/QuizCSVImporter.cs
  artifactKey: Guid(e4651057538bad5479ced5582ad54bd9) Importer(815301076,1909f56bfc062723c751e8b465ee728b)
Start importing Assets/Scripts/QuizCSVImporter.cs using Guid(e4651057538bad5479ced5582ad54bd9) Importer(815301076,1909f56bfc062723c751e8b465ee728b) (PreviewImporter) -> (artifact id: '00000000000000000000000000000000') in 0.0012018 seconds
Import Error Code:(4)
Message: Build asset version error: assets/scripts/quizcsvimporter.cs in SourceAssetDB has modification time of '2025-10-08T07:49:27.8182292Z' while content on disk has modification time of '2025-10-08T07:49:38.1918141Z'
  ERROR: Build asset version error: assets/scripts/quizcsvimporter.cs in SourceAssetDB has modification time of '2025-10-08T07:49:27.8182292Z' while content on disk has modification time of '2025-10-08T07:49:38.1918141Z'
Number of updated asset objects reloaded before import = 0Number of asset objects unloaded after import = 0

========================================================================
Received Import Request.
  Time since last request: 0.002449 seconds.
  path: Assets/Scripts/QuizCSVImporter.cs
  artifactKey: Guid(e4651057538bad5479ced5582ad54bd9) Importer(815301076,1909f56bfc062723c751e8b465ee728b)
Start importing Assets/Scripts/QuizCSVImporter.cs using Guid(e4651057538bad5479ced5582ad54bd9) Importer(815301076,1909f56bfc062723c751e8b465ee728b) (PreviewImporter) -> (artifact id: '00000000000000000000000000000000') in 0.001119 seconds
Import Error Code:(4)
Message: Build asset version error: assets/scripts/quizcsvimporter.cs in SourceAssetDB has modification time of '2025-10-08T07:49:27.8182292Z' while content on disk has modification time of '2025-10-08T07:49:38.1918141Z'
  ERROR: Build asset version error: assets/scripts/quizcsvimporter.cs in SourceAssetDB has modification time of '2025-10-08T07:49:27.8182292Z' while content on disk has modification time of '2025-10-08T07:49:38.1918141Z'
Number of updated asset objects reloaded before import = 0Number of asset objects unloaded after import = 0

========================================================================
Received Import Request.
  Time since last request: 0.002200 seconds.
  path: Assets/Scripts/QuizCSVImporter.cs
  artifactKey: Guid(e4651057538bad5479ced5582ad54bd9) Importer(815301076,1909f56bfc062723c751e8b465ee728b)
Start importing Assets/Scripts/QuizCSVImporter.cs using Guid(e4651057538bad5479ced5582ad54bd9) Importer(815301076,1909f56bfc062723c751e8b465ee728b) (PreviewImporter) -> (artifact id: '00000000000000000000000000000000') in 0.0006112 seconds
Import Error Code:(4)
Message: Build asset version error: assets/scripts/quizcsvimporter.cs in SourceAssetDB has modification time of '2025-10-08T07:49:27.8182292Z' while content on disk has modification time of '2025-10-08T07:49:38.1918141Z'
  ERROR: Build asset version error: assets/scripts/quizcsvimporter.cs in SourceAssetDB has modification time of '2025-10-08T07:49:27.8182292Z' while content on disk has modification time of '2025-10-08T07:49:38.1918141Z'
Number of updated asset objects reloaded before import = 0Number of asset objects unloaded after import = 0

========================================================================
Received Import Request.
  Time since last request: 0.003319 seconds.
  path: Assets/Scripts/QuizCSVImporter.cs
  artifactKey: Guid(e4651057538bad5479ced5582ad54bd9) Importer(815301076,1909f56bfc062723c751e8b465ee728b)
Start importing Assets/Scripts/QuizCSVImporter.cs using Guid(e4651057538bad5479ced5582ad54bd9) Importer(815301076,1909f56bfc062723c751e8b465ee728b) (PreviewImporter) -> (artifact id: '00000000000000000000000000000000') in 0.0014964 seconds
Import Error Code:(4)
Message: Build asset version error: assets/scripts/quizcsvimporter.cs in SourceAssetDB has modification time of '2025-10-08T07:49:27.8182292Z' while content on disk has modification time of '2025-10-08T07:49:38.1918141Z'
  ERROR: Build asset version error: assets/scripts/quizcsvimporter.cs in SourceAssetDB has modification time of '2025-10-08T07:49:27.8182292Z' while content on disk has modification time of '2025-10-08T07:49:38.1918141Z'
Number of updated asset objects reloaded before import = 0Number of asset objects unloaded after import = 0

========================================================================
Received Import Request.
  Time since last request: 0.012970 seconds.
  path: Assets/Scripts/QuizCSVImporter.cs
  artifactKey: Guid(e4651057538bad5479ced5582ad54bd9) Importer(815301076,1909f56bfc062723c751e8b465ee728b)
Start importing Assets/Scripts/QuizCSVImporter.cs using Guid(e4651057538bad5479ced5582ad54bd9) Importer(815301076,1909f56bfc062723c751e8b465ee728b) (PreviewImporter) -> (artifact id: '00000000000000000000000000000000') in 0.0009061 seconds
Import Error Code:(4)
Message: Build asset version error: assets/scripts/quizcsvimporter.cs in SourceAssetDB has modification time of '2025-10-08T07:49:27.8182292Z' while content on disk has modification time of '2025-10-08T07:49:38.1918141Z'
  ERROR: Build asset version error: assets/scripts/quizcsvimporter.cs in SourceAssetDB has modification time of '2025-10-08T07:49:27.8182292Z' while content on disk has modification time of '2025-10-08T07:49:38.1918141Z'
Number of updated asset objects reloaded before import = 0Number of asset objects unloaded after import = 0

========================================================================
Received Import Request.
  Time since last request: 0.003609 seconds.
  path: Assets/Scripts/QuizCSVImporter.cs
  artifactKey: Guid(e4651057538bad5479ced5582ad54bd9) Importer(815301076,1909f56bfc062723c751e8b465ee728b)
Start importing Assets/Scripts/QuizCSVImporter.cs using Guid(e4651057538bad5479ced5582ad54bd9) Importer(815301076,1909f56bfc062723c751e8b465ee728b) (PreviewImporter) -> (artifact id: '00000000000000000000000000000000') in 0.0008129 seconds
Import Error Code:(4)
Message: Build asset version error: assets/scripts/quizcsvimporter.cs in SourceAssetDB has modification time of '2025-10-08T07:49:27.8182292Z' while content on disk has modification time of '2025-10-08T07:49:38.1918141Z'
  ERROR: Build asset version error: assets/scripts/quizcsvimporter.cs in SourceAssetDB has modification time of '2025-10-08T07:49:27.8182292Z' while content on disk has modification time of '2025-10-08T07:49:38.1918141Z'
Number of updated asset objects reloaded before import = 0Number of asset objects unloaded after import = 0

========================================================================
Received Import Request.
  Time since last request: 0.001289 seconds.
  path: Assets/Scripts/QuizCSVImporter.cs
  artifactKey: Guid(e4651057538bad5479ced5582ad54bd9) Importer(815301076,1909f56bfc062723c751e8b465ee728b)
Start importing Assets/Scripts/QuizCSVImporter.cs using Guid(e4651057538bad5479ced5582ad54bd9) Importer(815301076,1909f56bfc062723c751e8b465ee728b) (PreviewImporter) -> (artifact id: '00000000000000000000000000000000') in 0.0009868 seconds
Import Error Code:(4)
Message: Build asset version error: assets/scripts/quizcsvimporter.cs in SourceAssetDB has modification time of '2025-10-08T07:49:27.8182292Z' while content on disk has modification time of '2025-10-08T07:49:38.1918141Z'
  ERROR: Build asset version error: assets/scripts/quizcsvimporter.cs in SourceAssetDB has modification time of '2025-10-08T07:49:27.8182292Z' while content on disk has modification time of '2025-10-08T07:49:38.1918141Z'
Number of updated asset objects reloaded before import = 0Number of asset objects unloaded after import = 0

========================================================================
Received Import Request.
  Time since last request: 0.001811 seconds.
  path: Assets/Scripts/QuizCSVImporter.cs
  artifactKey: Guid(e4651057538bad5479ced5582ad54bd9) Importer(815301076,1909f56bfc062723c751e8b465ee728b)
Start importing Assets/Scripts/QuizCSVImporter.cs using Guid(e4651057538bad5479ced5582ad54bd9) Importer(815301076,1909f56bfc062723c751e8b465ee728b) (PreviewImporter) -> (artifact id: '00000000000000000000000000000000') in 0.0010937 seconds
Import Error Code:(4)
Message: Build asset version error: assets/scripts/quizcsvimporter.cs in SourceAssetDB has modification time of '2025-10-08T07:49:27.8182292Z' while content on disk has modification time of '2025-10-08T07:49:38.1918141Z'
  ERROR: Build asset version error: assets/scripts/quizcsvimporter.cs in SourceAssetDB has modification time of '2025-10-08T07:49:27.8182292Z' while content on disk has modification time of '2025-10-08T07:49:38.1918141Z'
Number of updated asset objects reloaded before import = 0Number of asset objects unloaded after import = 0

========================================================================
Received Import Request.
  Time since last request: 0.001351 seconds.
  path: Assets/Scripts/QuizCSVImporter.cs
  artifactKey: Guid(e4651057538bad5479ced5582ad54bd9) Importer(815301076,1909f56bfc062723c751e8b465ee728b)
Start importing Assets/Scripts/QuizCSVImporter.cs using Guid(e4651057538bad5479ced5582ad54bd9) Importer(815301076,1909f56bfc062723c751e8b465ee728b) (PreviewImporter) -> (artifact id: '00000000000000000000000000000000') in 0.0008023 seconds
Import Error Code:(4)
Message: Build asset version error: assets/scripts/quizcsvimporter.cs in SourceAssetDB has modification time of '2025-10-08T07:49:27.8182292Z' while content on disk has modification time of '2025-10-08T07:49:38.1918141Z'
  ERROR: Build asset version error: assets/scripts/quizcsvimporter.cs in SourceAssetDB has modification time of '2025-10-08T07:49:27.8182292Z' while content on disk has modification time of '2025-10-08T07:49:38.1918141Z'
Number of updated asset objects reloaded before import = 0Number of asset objects unloaded after import = 0

========================================================================
Received Import Request.
  Time since last request: 0.001174 seconds.
  path: Assets/Scripts/QuizCSVImporter.cs
  artifactKey: Guid(e4651057538bad5479ced5582ad54bd9) Importer(815301076,1909f56bfc062723c751e8b465ee728b)
Start importing Assets/Scripts/QuizCSVImporter.cs using Guid(e4651057538bad5479ced5582ad54bd9) Importer(815301076,1909f56bfc062723c751e8b465ee728b) (PreviewImporter) -> (artifact id: '00000000000000000000000000000000') in 0.0006428 seconds
Import Error Code:(4)
Message: Build asset version error: assets/scripts/quizcsvimporter.cs in SourceAssetDB has modification time of '2025-10-08T07:49:27.8182292Z' while content on disk has modification time of '2025-10-08T07:49:38.1918141Z'
  ERROR: Build asset version error: assets/scripts/quizcsvimporter.cs in SourceAssetDB has modification time of '2025-10-08T07:49:27.8182292Z' while content on disk has modification time of '2025-10-08T07:49:38.1918141Z'
Number of updated asset objects reloaded before import = 0Number of asset objects unloaded after import = 0

========================================================================
Received Import Request.
  Time since last request: 0.000749 seconds.
  path: Assets/Scripts/QuizCSVImporter.cs
  artifactKey: Guid(e4651057538bad5479ced5582ad54bd9) Importer(815301076,1909f56bfc062723c751e8b465ee728b)
Start importing Assets/Scripts/QuizCSVImporter.cs using Guid(e4651057538bad5479ced5582ad54bd9) Importer(815301076,1909f56bfc062723c751e8b465ee728b) (PreviewImporter) -> (artifact id: '00000000000000000000000000000000') in 0.0007823 seconds
Import Error Code:(4)
Message: Build asset version error: assets/scripts/quizcsvimporter.cs in SourceAssetDB has modification time of '2025-10-08T07:49:27.8182292Z' while content on disk has modification time of '2025-10-08T07:49:38.1918141Z'
  ERROR: Build asset version error: assets/scripts/quizcsvimporter.cs in SourceAssetDB has modification time of '2025-10-08T07:49:27.8182292Z' while content on disk has modification time of '2025-10-08T07:49:38.1918141Z'
Number of updated asset objects reloaded before import = 0Number of asset objects unloaded after import = 0

========================================================================
Received Import Request.
  Time since last request: 0.001711 seconds.
  path: Assets/Scripts/QuizCSVImporter.cs
  artifactKey: Guid(e4651057538bad5479ced5582ad54bd9) Importer(815301076,1909f56bfc062723c751e8b465ee728b)
Start importing Assets/Scripts/QuizCSVImporter.cs using Guid(e4651057538bad5479ced5582ad54bd9) Importer(815301076,1909f56bfc062723c751e8b465ee728b) (PreviewImporter) -> (artifact id: '00000000000000000000000000000000') in 0.0010293 seconds
Import Error Code:(4)
Message: Build asset version error: assets/scripts/quizcsvimporter.cs in SourceAssetDB has modification time of '2025-10-08T07:49:27.8182292Z' while content on disk has modification time of '2025-10-08T07:49:38.1918141Z'
  ERROR: Build asset version error: assets/scripts/quizcsvimporter.cs in SourceAssetDB has modification time of '2025-10-08T07:49:27.8182292Z' while content on disk has modification time of '2025-10-08T07:49:38.1918141Z'
Number of updated asset objects reloaded before import = 0Number of asset objects unloaded after import = 0

========================================================================
Received Import Request.
  Time since last request: 0.000779 seconds.
  path: Assets/Scripts/QuizCSVImporter.cs
  artifactKey: Guid(e4651057538bad5479ced5582ad54bd9) Importer(815301076,1909f56bfc062723c751e8b465ee728b)
Start importing Assets/Scripts/QuizCSVImporter.cs using Guid(e4651057538bad5479ced5582ad54bd9) Importer(815301076,1909f56bfc062723c751e8b465ee728b) (PreviewImporter) -> (artifact id: '00000000000000000000000000000000') in 0.000973 seconds
Import Error Code:(4)
Message: Build asset version error: assets/scripts/quizcsvimporter.cs in SourceAssetDB has modification time of '2025-10-08T07:49:27.8182292Z' while content on disk has modification time of '2025-10-08T07:49:38.1918141Z'
  ERROR: Build asset version error: assets/scripts/quizcsvimporter.cs in SourceAssetDB has modification time of '2025-10-08T07:49:27.8182292Z' while content on disk has modification time of '2025-10-08T07:49:38.1918141Z'
Number of updated asset objects reloaded before import = 0Number of asset objects unloaded after import = 0

========================================================================
Received Import Request.
  Time since last request: 0.000614 seconds.
  path: Assets/Scripts/QuizCSVImporter.cs
  artifactKey: Guid(e4651057538bad5479ced5582ad54bd9) Importer(815301076,1909f56bfc062723c751e8b465ee728b)
Start importing Assets/Scripts/QuizCSVImporter.cs using Guid(e4651057538bad5479ced5582ad54bd9) Importer(815301076,1909f56bfc062723c751e8b465ee728b) (PreviewImporter) -> (artifact id: '00000000000000000000000000000000') in 0.0009705 seconds
Import Error Code:(4)
Message: Build asset version error: assets/scripts/quizcsvimporter.cs in SourceAssetDB has modification time of '2025-10-08T07:49:27.8182292Z' while content on disk has modification time of '2025-10-08T07:49:38.1918141Z'
  ERROR: Build asset version error: assets/scripts/quizcsvimporter.cs in SourceAssetDB has modification time of '2025-10-08T07:49:27.8182292Z' while content on disk has modification time of '2025-10-08T07:49:38.1918141Z'
Number of updated asset objects reloaded before import = 0Number of asset objects unloaded after import = 0

========================================================================
Received Import Request.
  Time since last request: 0.010355 seconds.
  path: Assets/Scripts/QuizCSVImporter.cs
  artifactKey: Guid(e4651057538bad5479ced5582ad54bd9) Importer(815301076,1909f56bfc062723c751e8b465ee728b)
Start importing Assets/Scripts/QuizCSVImporter.cs using Guid(e4651057538bad5479ced5582ad54bd9) Importer(815301076,1909f56bfc062723c751e8b465ee728b) (PreviewImporter) -> (artifact id: '00000000000000000000000000000000') in 0.0006787 seconds
Import Error Code:(4)
Message: Build asset version error: assets/scripts/quizcsvimporter.cs in SourceAssetDB has modification time of '2025-10-08T07:49:27.8182292Z' while content on disk has modification time of '2025-10-08T07:49:38.1918141Z'
  ERROR: Build asset version error: assets/scripts/quizcsvimporter.cs in SourceAssetDB has modification time of '2025-10-08T07:49:27.8182292Z' while content on disk has modification time of '2025-10-08T07:49:38.1918141Z'
Number of updated asset objects reloaded before import = 0Number of asset objects unloaded after import = 0

========================================================================
Received Import Request.
  Time since last request: 0.001694 seconds.
  path: Assets/Scripts/QuizCSVImporter.cs
  artifactKey: Guid(e4651057538bad5479ced5582ad54bd9) Importer(815301076,1909f56bfc062723c751e8b465ee728b)
Start importing Assets/Scripts/QuizCSVImporter.cs using Guid(e4651057538bad5479ced5582ad54bd9) Importer(815301076,1909f56bfc062723c751e8b465ee728b) (PreviewImporter) -> (artifact id: '00000000000000000000000000000000') in 0.0010163 seconds
Import Error Code:(4)
Message: Build asset version error: assets/scripts/quizcsvimporter.cs in SourceAssetDB has modification time of '2025-10-08T07:49:27.8182292Z' while content on disk has modification time of '2025-10-08T07:49:38.1918141Z'
  ERROR: Build asset version error: assets/scripts/quizcsvimporter.cs in SourceAssetDB has modification time of '2025-10-08T07:49:27.8182292Z' while content on disk has modification time of '2025-10-08T07:49:38.1918141Z'
Number of updated asset objects reloaded before import = 0Number of asset objects unloaded after import = 0

========================================================================
Received Import Request.
  Time since last request: 0.001868 seconds.
  path: Assets/Scripts/QuizCSVImporter.cs
  artifactKey: Guid(e4651057538bad5479ced5582ad54bd9) Importer(815301076,1909f56bfc062723c751e8b465ee728b)
Start importing Assets/Scripts/QuizCSVImporter.cs using Guid(e4651057538bad5479ced5582ad54bd9) Importer(815301076,1909f56bfc062723c751e8b465ee728b) (PreviewImporter) -> (artifact id: '00000000000000000000000000000000') in 0.0010078 seconds
Import Error Code:(4)
Message: Build asset version error: assets/scripts/quizcsvimporter.cs in SourceAssetDB has modification time of '2025-10-08T07:49:27.8182292Z' while content on disk has modification time of '2025-10-08T07:49:38.1918141Z'
  ERROR: Build asset version error: assets/scripts/quizcsvimporter.cs in SourceAssetDB has modification time of '2025-10-08T07:49:27.8182292Z' while content on disk has modification time of '2025-10-08T07:49:38.1918141Z'
Number of updated asset objects reloaded before import = 0Number of asset objects unloaded after import = 0

========================================================================
Received Import Request.
  Time since last request: 0.001101 seconds.
  path: Assets/Scripts/QuizCSVImporter.cs
  artifactKey: Guid(e4651057538bad5479ced5582ad54bd9) Importer(815301076,1909f56bfc062723c751e8b465ee728b)
Start importing Assets/Scripts/QuizCSVImporter.cs using Guid(e4651057538bad5479ced5582ad54bd9) Importer(815301076,1909f56bfc062723c751e8b465ee728b) (PreviewImporter) -> (artifact id: '00000000000000000000000000000000') in 0.0005161 seconds
Import Error Code:(4)
Message: Build asset version error: assets/scripts/quizcsvimporter.cs in SourceAssetDB has modification time of '2025-10-08T07:49:27.8182292Z' while content on disk has modification time of '2025-10-08T07:49:38.1918141Z'
  ERROR: Build asset version error: assets/scripts/quizcsvimporter.cs in SourceAssetDB has modification time of '2025-10-08T07:49:27.8182292Z' while content on disk has modification time of '2025-10-08T07:49:38.1918141Z'
Number of updated asset objects reloaded before import = 0Number of asset objects unloaded after import = 0

========================================================================
Received Import Request.
  Time since last request: 0.002482 seconds.
  path: Assets/Scripts/QuizCSVImporter.cs
  artifactKey: Guid(e4651057538bad5479ced5582ad54bd9) Importer(815301076,1909f56bfc062723c751e8b465ee728b)
Start importing Assets/Scripts/QuizCSVImporter.cs using Guid(e4651057538bad5479ced5582ad54bd9) Importer(815301076,1909f56bfc062723c751e8b465ee728b) (PreviewImporter) -> (artifact id: '00000000000000000000000000000000') in 0.0007896 seconds
Import Error Code:(4)
Message: Build asset version error: assets/scripts/quizcsvimporter.cs in SourceAssetDB has modification time of '2025-10-08T07:49:27.8182292Z' while content on disk has modification time of '2025-10-08T07:49:38.1918141Z'
  ERROR: Build asset version error: assets/scripts/quizcsvimporter.cs in SourceAssetDB has modification time of '2025-10-08T07:49:27.8182292Z' while content on disk has modification time of '2025-10-08T07:49:38.1918141Z'
Number of updated asset objects reloaded before import = 0Number of asset objects unloaded after import = 0

========================================================================
Received Import Request.
  Time since last request: 0.002021 seconds.
  path: Assets/Scripts/QuizCSVImporter.cs
  artifactKey: Guid(e4651057538bad5479ced5582ad54bd9) Importer(815301076,1909f56bfc062723c751e8b465ee728b)
Start importing Assets/Scripts/QuizCSVImporter.cs using Guid(e4651057538bad5479ced5582ad54bd9) Importer(815301076,1909f56bfc062723c751e8b465ee728b) (PreviewImporter) -> (artifact id: '00000000000000000000000000000000') in 0.0016176 seconds
Import Error Code:(4)
Message: Build asset version error: assets/scripts/quizcsvimporter.cs in SourceAssetDB has modification time of '2025-10-08T07:49:27.8182292Z' while content on disk has modification time of '2025-10-08T07:49:38.1918141Z'
  ERROR: Build asset version error: assets/scripts/quizcsvimporter.cs in SourceAssetDB has modification time of '2025-10-08T07:49:27.8182292Z' while content on disk has modification time of '2025-10-08T07:49:38.1918141Z'
Number of updated asset objects reloaded before import = 0Number of asset objects unloaded after import = 0

========================================================================
Received Import Request.
  Time since last request: 0.001948 seconds.
  path: Assets/Scripts/QuizCSVImporter.cs
  artifactKey: Guid(e4651057538bad5479ced5582ad54bd9) Importer(815301076,1909f56bfc062723c751e8b465ee728b)
Start importing Assets/Scripts/QuizCSVImporter.cs using Guid(e4651057538bad5479ced5582ad54bd9) Importer(815301076,1909f56bfc062723c751e8b465ee728b) (PreviewImporter) -> (artifact id: '00000000000000000000000000000000') in 0.0011346 seconds
Import Error Code:(4)
Message: Build asset version error: assets/scripts/quizcsvimporter.cs in SourceAssetDB has modification time of '2025-10-08T07:49:27.8182292Z' while content on disk has modification time of '2025-10-08T07:49:38.1918141Z'
  ERROR: Build asset version error: assets/scripts/quizcsvimporter.cs in SourceAssetDB has modification time of '2025-10-08T07:49:27.8182292Z' while content on disk has modification time of '2025-10-08T07:49:38.1918141Z'
Number of updated asset objects reloaded before import = 0Number of asset objects unloaded after import = 0

========================================================================
Received Import Request.
  Time since last request: 0.001480 seconds.
  path: Assets/Scripts/QuizCSVImporter.cs
  artifactKey: Guid(e4651057538bad5479ced5582ad54bd9) Importer(815301076,1909f56bfc062723c751e8b465ee728b)
Start importing Assets/Scripts/QuizCSVImporter.cs using Guid(e4651057538bad5479ced5582ad54bd9) Importer(815301076,1909f56bfc062723c751e8b465ee728b) (PreviewImporter) -> (artifact id: '00000000000000000000000000000000') in 0.0007113 seconds
Import Error Code:(4)
Message: Build asset version error: assets/scripts/quizcsvimporter.cs in SourceAssetDB has modification time of '2025-10-08T07:49:27.8182292Z' while content on disk has modification time of '2025-10-08T07:49:38.1918141Z'
  ERROR: Build asset version error: assets/scripts/quizcsvimporter.cs in SourceAssetDB has modification time of '2025-10-08T07:49:27.8182292Z' while content on disk has modification time of '2025-10-08T07:49:38.1918141Z'
Number of updated asset objects reloaded before import = 0Number of asset objects unloaded after import = 0

========================================================================
Received Import Request.
  Time since last request: 0.001222 seconds.
  path: Assets/Scripts/QuizCSVImporter.cs
  artifactKey: Guid(e4651057538bad5479ced5582ad54bd9) Importer(815301076,1909f56bfc062723c751e8b465ee728b)
Start importing Assets/Scripts/QuizCSVImporter.cs using Guid(e4651057538bad5479ced5582ad54bd9) Importer(815301076,1909f56bfc062723c751e8b465ee728b) (PreviewImporter) -> (artifact id: '00000000000000000000000000000000') in 0.0009634 seconds
Import Error Code:(4)
Message: Build asset version error: assets/scripts/quizcsvimporter.cs in SourceAssetDB has modification time of '2025-10-08T07:49:27.8182292Z' while content on disk has modification time of '2025-10-08T07:49:38.1918141Z'
  ERROR: Build asset version error: assets/scripts/quizcsvimporter.cs in SourceAssetDB has modification time of '2025-10-08T07:49:27.8182292Z' while content on disk has modification time of '2025-10-08T07:49:38.1918141Z'
Number of updated asset objects reloaded before import = 0Number of asset objects unloaded after import = 0

========================================================================
Received Import Request.
  Time since last request: 0.000658 seconds.
  path: Assets/Scripts/QuizCSVImporter.cs
  artifactKey: Guid(e4651057538bad5479ced5582ad54bd9) Importer(815301076,1909f56bfc062723c751e8b465ee728b)
Start importing Assets/Scripts/QuizCSVImporter.cs using Guid(e4651057538bad5479ced5582ad54bd9) Importer(815301076,1909f56bfc062723c751e8b465ee728b) (PreviewImporter) -> (artifact id: '00000000000000000000000000000000') in 0.0006666 seconds
Import Error Code:(4)
Message: Build asset version error: assets/scripts/quizcsvimporter.cs in SourceAssetDB has modification time of '2025-10-08T07:49:27.8182292Z' while content on disk has modification time of '2025-10-08T07:49:38.1918141Z'
  ERROR: Build asset version error: assets/scripts/quizcsvimporter.cs in SourceAssetDB has modification time of '2025-10-08T07:49:27.8182292Z' while content on disk has modification time of '2025-10-08T07:49:38.1918141Z'
Number of updated asset objects reloaded before import = 0Number of asset objects unloaded after import = 0

========================================================================
Received Import Request.
  Time since last request: 0.002340 seconds.
  path: Assets/Scripts/QuizCSVImporter.cs
  artifactKey: Guid(e4651057538bad5479ced5582ad54bd9) Importer(815301076,1909f56bfc062723c751e8b465ee728b)
Start importing Assets/Scripts/QuizCSVImporter.cs using Guid(e4651057538bad5479ced5582ad54bd9) Importer(815301076,1909f56bfc062723c751e8b465ee728b) (PreviewImporter) -> (artifact id: '00000000000000000000000000000000') in 0.0005521 seconds
Import Error Code:(4)
Message: Build asset version error: assets/scripts/quizcsvimporter.cs in SourceAssetDB has modification time of '2025-10-08T07:49:27.8182292Z' while content on disk has modification time of '2025-10-08T07:49:38.1918141Z'
  ERROR: Build asset version error: assets/scripts/quizcsvimporter.cs in SourceAssetDB has modification time of '2025-10-08T07:49:27.8182292Z' while content on disk has modification time of '2025-10-08T07:49:38.1918141Z'
Number of updated asset objects reloaded before import = 0Number of asset objects unloaded after import = 0

========================================================================
Received Import Request.
  Time since last request: 0.002960 seconds.
  path: Assets/Scripts/QuizCSVImporter.cs
  artifactKey: Guid(e4651057538bad5479ced5582ad54bd9) Importer(815301076,1909f56bfc062723c751e8b465ee728b)
Start importing Assets/Scripts/QuizCSVImporter.cs using Guid(e4651057538bad5479ced5582ad54bd9) Importer(815301076,1909f56bfc062723c751e8b465ee728b) (PreviewImporter) -> (artifact id: '00000000000000000000000000000000') in 0.00086 seconds
Import Error Code:(4)
Message: Build asset version error: assets/scripts/quizcsvimporter.cs in SourceAssetDB has modification time of '2025-10-08T07:49:27.8182292Z' while content on disk has modification time of '2025-10-08T07:49:38.1918141Z'
  ERROR: Build asset version error: assets/scripts/quizcsvimporter.cs in SourceAssetDB has modification time of '2025-10-08T07:49:27.8182292Z' while content on disk has modification time of '2025-10-08T07:49:38.1918141Z'
Number of updated asset objects reloaded before import = 0Number of asset objects unloaded after import = 0

========================================================================
Received Import Request.
  Time since last request: 0.002590 seconds.
  path: Assets/Scripts/QuizCSVImporter.cs
  artifactKey: Guid(e4651057538bad5479ced5582ad54bd9) Importer(815301076,1909f56bfc062723c751e8b465ee728b)
Start importing Assets/Scripts/QuizCSVImporter.cs using Guid(e4651057538bad5479ced5582ad54bd9) Importer(815301076,1909f56bfc062723c751e8b465ee728b) (PreviewImporter) -> (artifact id: '00000000000000000000000000000000') in 0.0009475 seconds
Import Error Code:(4)
Message: Build asset version error: assets/scripts/quizcsvimporter.cs in SourceAssetDB has modification time of '2025-10-08T07:49:27.8182292Z' while content on disk has modification time of '2025-10-08T07:49:38.1918141Z'
  ERROR: Build asset version error: assets/scripts/quizcsvimporter.cs in SourceAssetDB has modification time of '2025-10-08T07:49:27.8182292Z' while content on disk has modification time of '2025-10-08T07:49:38.1918141Z'
Number of updated asset objects reloaded before import = 0Number of asset objects unloaded after import = 0

========================================================================
Received Import Request.
  Time since last request: 0.001275 seconds.
  path: Assets/Scripts/QuizCSVImporter.cs
  artifactKey: Guid(e4651057538bad5479ced5582ad54bd9) Importer(815301076,1909f56bfc062723c751e8b465ee728b)
Start importing Assets/Scripts/QuizCSVImporter.cs using Guid(e4651057538bad5479ced5582ad54bd9) Importer(815301076,1909f56bfc062723c751e8b465ee728b) (PreviewImporter) -> (artifact id: '00000000000000000000000000000000') in 0.0006382 seconds
Import Error Code:(4)
Message: Build asset version error: assets/scripts/quizcsvimporter.cs in SourceAssetDB has modification time of '2025-10-08T07:49:27.8182292Z' while content on disk has modification time of '2025-10-08T07:49:38.1918141Z'
  ERROR: Build asset version error: assets/scripts/quizcsvimporter.cs in SourceAssetDB has modification time of '2025-10-08T07:49:27.8182292Z' while content on disk has modification time of '2025-10-08T07:49:38.1918141Z'
Number of updated asset objects reloaded before import = 0Number of asset objects unloaded after import = 0

========================================================================
Received Import Request.
  Time since last request: 0.000556 seconds.
  path: Assets/Scripts/QuizCSVImporter.cs
  artifactKey: Guid(e4651057538bad5479ced5582ad54bd9) Importer(815301076,1909f56bfc062723c751e8b465ee728b)
Start importing Assets/Scripts/QuizCSVImporter.cs using Guid(e4651057538bad5479ced5582ad54bd9) Importer(815301076,1909f56bfc062723c751e8b465ee728b) (PreviewImporter) -> (artifact id: '00000000000000000000000000000000') in 0.0006665 seconds
Import Error Code:(4)
Message: Build asset version error: assets/scripts/quizcsvimporter.cs in SourceAssetDB has modification time of '2025-10-08T07:49:27.8182292Z' while content on disk has modification time of '2025-10-08T07:49:38.1918141Z'
  ERROR: Build asset version error: assets/scripts/quizcsvimporter.cs in SourceAssetDB has modification time of '2025-10-08T07:49:27.8182292Z' while content on disk has modification time of '2025-10-08T07:49:38.1918141Z'
Number of updated asset objects reloaded before import = 0Number of asset objects unloaded after import = 0

========================================================================
Received Import Request.
  Time since last request: 0.010176 seconds.
  path: Assets/Scripts/QuizCSVImporter.cs
  artifactKey: Guid(e4651057538bad5479ced5582ad54bd9) Importer(815301076,1909f56bfc062723c751e8b465ee728b)
Start importing Assets/Scripts/QuizCSVImporter.cs using Guid(e4651057538bad5479ced5582ad54bd9) Importer(815301076,1909f56bfc062723c751e8b465ee728b) (PreviewImporter) -> (artifact id: '00000000000000000000000000000000') in 0.0008449 seconds
Import Error Code:(4)
Message: Build asset version error: assets/scripts/quizcsvimporter.cs in SourceAssetDB has modification time of '2025-10-08T07:49:27.8182292Z' while content on disk has modification time of '2025-10-08T07:49:38.1918141Z'
  ERROR: Build asset version error: assets/scripts/quizcsvimporter.cs in SourceAssetDB has modification time of '2025-10-08T07:49:27.8182292Z' while content on disk has modification time of '2025-10-08T07:49:38.1918141Z'
Number of updated asset objects reloaded before import = 0Number of asset objects unloaded after import = 0

========================================================================
Received Import Request.
  Time since last request: 0.011689 seconds.
  path: Assets/Scripts/QuizCSVImporter.cs
  artifactKey: Guid(e4651057538bad5479ced5582ad54bd9) Importer(815301076,1909f56bfc062723c751e8b465ee728b)
Start importing Assets/Scripts/QuizCSVImporter.cs using Guid(e4651057538bad5479ced5582ad54bd9) Importer(815301076,1909f56bfc062723c751e8b465ee728b) (PreviewImporter) -> (artifact id: '00000000000000000000000000000000') in 0.0007384 seconds
Import Error Code:(4)
Message: Build asset version error: assets/scripts/quizcsvimporter.cs in SourceAssetDB has modification time of '2025-10-08T07:49:27.8182292Z' while content on disk has modification time of '2025-10-08T07:49:38.1918141Z'
  ERROR: Build asset version error: assets/scripts/quizcsvimporter.cs in SourceAssetDB has modification time of '2025-10-08T07:49:27.8182292Z' while content on disk has modification time of '2025-10-08T07:49:38.1918141Z'
Number of updated asset objects reloaded before import = 0Number of asset objects unloaded after import = 0

========================================================================
Received Import Request.
  Time since last request: 0.011001 seconds.
  path: Assets/Scripts/QuizCSVImporter.cs
  artifactKey: Guid(e4651057538bad5479ced5582ad54bd9) Importer(815301076,1909f56bfc062723c751e8b465ee728b)
Start importing Assets/Scripts/QuizCSVImporter.cs using Guid(e4651057538bad5479ced5582ad54bd9) Importer(815301076,1909f56bfc062723c751e8b465ee728b) (PreviewImporter) -> (artifact id: '00000000000000000000000000000000') in 0.0005129 seconds
Import Error Code:(4)
Message: Build asset version error: assets/scripts/quizcsvimporter.cs in SourceAssetDB has modification time of '2025-10-08T07:49:27.8182292Z' while content on disk has modification time of '2025-10-08T07:49:38.1918141Z'
  ERROR: Build asset version error: assets/scripts/quizcsvimporter.cs in SourceAssetDB has modification time of '2025-10-08T07:49:27.8182292Z' while content on disk has modification time of '2025-10-08T07:49:38.1918141Z'
Number of updated asset objects reloaded before import = 0Number of asset objects unloaded after import = 0

========================================================================
Received Import Request.
  Time since last request: 0.010282 seconds.
  path: Assets/Scripts/QuizCSVImporter.cs
  artifactKey: Guid(e4651057538bad5479ced5582ad54bd9) Importer(815301076,1909f56bfc062723c751e8b465ee728b)
Start importing Assets/Scripts/QuizCSVImporter.cs using Guid(e4651057538bad5479ced5582ad54bd9) Importer(815301076,1909f56bfc062723c751e8b465ee728b) (PreviewImporter) -> (artifact id: '00000000000000000000000000000000') in 0.0006256 seconds
Import Error Code:(4)
Message: Build asset version error: assets/scripts/quizcsvimporter.cs in SourceAssetDB has modification time of '2025-10-08T07:49:27.8182292Z' while content on disk has modification time of '2025-10-08T07:49:38.1918141Z'
  ERROR: Build asset version error: assets/scripts/quizcsvimporter.cs in SourceAssetDB has modification time of '2025-10-08T07:49:27.8182292Z' while content on disk has modification time of '2025-10-08T07:49:38.1918141Z'
Number of updated asset objects reloaded before import = 0Number of asset objects unloaded after import = 0

========================================================================
Received Import Request.
  Time since last request: 0.009962 seconds.
  path: Assets/Scripts/QuizCSVImporter.cs
  artifactKey: Guid(e4651057538bad5479ced5582ad54bd9) Importer(815301076,1909f56bfc062723c751e8b465ee728b)
Start importing Assets/Scripts/QuizCSVImporter.cs using Guid(e4651057538bad5479ced5582ad54bd9) Importer(815301076,1909f56bfc062723c751e8b465ee728b) (PreviewImporter) -> (artifact id: '00000000000000000000000000000000') in 0.0009376 seconds
Import Error Code:(4)
Message: Build asset version error: assets/scripts/quizcsvimporter.cs in SourceAssetDB has modification time of '2025-10-08T07:49:27.8182292Z' while content on disk has modification time of '2025-10-08T07:49:38.1918141Z'
  ERROR: Build asset version error: assets/scripts/quizcsvimporter.cs in SourceAssetDB has modification time of '2025-10-08T07:49:27.8182292Z' while content on disk has modification time of '2025-10-08T07:49:38.1918141Z'
Number of updated asset objects reloaded before import = 0Number of asset objects unloaded after import = 0

========================================================================
Received Import Request.
  Time since last request: 0.000773 seconds.
  path: Assets/Scripts/QuizCSVImporter.cs
  artifactKey: Guid(e4651057538bad5479ced5582ad54bd9) Importer(815301076,1909f56bfc062723c751e8b465ee728b)
Start importing Assets/Scripts/QuizCSVImporter.cs using Guid(e4651057538bad5479ced5582ad54bd9) Importer(815301076,1909f56bfc062723c751e8b465ee728b) (PreviewImporter) -> (artifact id: '00000000000000000000000000000000') in 0.0006474 seconds
Import Error Code:(4)
Message: Build asset version error: assets/scripts/quizcsvimporter.cs in SourceAssetDB has modification time of '2025-10-08T07:49:27.8182292Z' while content on disk has modification time of '2025-10-08T07:49:38.1918141Z'
  ERROR: Build asset version error: assets/scripts/quizcsvimporter.cs in SourceAssetDB has modification time of '2025-10-08T07:49:27.8182292Z' while content on disk has modification time of '2025-10-08T07:49:38.1918141Z'
Number of updated asset objects reloaded before import = 0Number of asset objects unloaded after import = 0

========================================================================
Received Import Request.
  Time since last request: 0.002328 seconds.
  path: Assets/Scripts/QuizCSVImporter.cs
  artifactKey: Guid(e4651057538bad5479ced5582ad54bd9) Importer(815301076,1909f56bfc062723c751e8b465ee728b)
Start importing Assets/Scripts/QuizCSVImporter.cs using Guid(e4651057538bad5479ced5582ad54bd9) Importer(815301076,1909f56bfc062723c751e8b465ee728b) (PreviewImporter) -> (artifact id: '00000000000000000000000000000000') in 0.0017041 seconds
Import Error Code:(4)
Message: Build asset version error: assets/scripts/quizcsvimporter.cs in SourceAssetDB has modification time of '2025-10-08T07:49:27.8182292Z' while content on disk has modification time of '2025-10-08T07:49:38.1918141Z'
  ERROR: Build asset version error: assets/scripts/quizcsvimporter.cs in SourceAssetDB has modification time of '2025-10-08T07:49:27.8182292Z' while content on disk has modification time of '2025-10-08T07:49:38.1918141Z'
Number of updated asset objects reloaded before import = 0Number of asset objects unloaded after import = 0

========================================================================
Received Import Request.
  Time since last request: 0.002409 seconds.
  path: Assets/Scripts/QuizCSVImporter.cs
  artifactKey: Guid(e4651057538bad5479ced5582ad54bd9) Importer(815301076,1909f56bfc062723c751e8b465ee728b)
Start importing Assets/Scripts/QuizCSVImporter.cs using Guid(e4651057538bad5479ced5582ad54bd9) Importer(815301076,1909f56bfc062723c751e8b465ee728b) (PreviewImporter) -> (artifact id: '00000000000000000000000000000000') in 0.0007476 seconds
Import Error Code:(4)
Message: Build asset version error: assets/scripts/quizcsvimporter.cs in SourceAssetDB has modification time of '2025-10-08T07:49:27.8182292Z' while content on disk has modification time of '2025-10-08T07:49:38.1918141Z'
  ERROR: Build asset version error: assets/scripts/quizcsvimporter.cs in SourceAssetDB has modification time of '2025-10-08T07:49:27.8182292Z' while content on disk has modification time of '2025-10-08T07:49:38.1918141Z'
Number of updated asset objects reloaded before import = 0Number of asset objects unloaded after import = 0

========================================================================
Received Import Request.
  Time since last request: 0.000679 seconds.
  path: Assets/Scripts/QuizCSVImporter.cs
  artifactKey: Guid(e4651057538bad5479ced5582ad54bd9) Importer(815301076,1909f56bfc062723c751e8b465ee728b)
Start importing Assets/Scripts/QuizCSVImporter.cs using Guid(e4651057538bad5479ced5582ad54bd9) Importer(815301076,1909f56bfc062723c751e8b465ee728b) (PreviewImporter) -> (artifact id: '00000000000000000000000000000000') in 0.0010725 seconds
Import Error Code:(4)
Message: Build asset version error: assets/scripts/quizcsvimporter.cs in SourceAssetDB has modification time of '2025-10-08T07:49:27.8182292Z' while content on disk has modification time of '2025-10-08T07:49:38.1918141Z'
  ERROR: Build asset version error: assets/scripts/quizcsvimporter.cs in SourceAssetDB has modification time of '2025-10-08T07:49:27.8182292Z' while content on disk has modification time of '2025-10-08T07:49:38.1918141Z'
Number of updated asset objects reloaded before import = 0Number of asset objects unloaded after import = 0

========================================================================
Received Import Request.
  Time since last request: 0.012113 seconds.
  path: Assets/Scripts/QuizCSVImporter.cs
  artifactKey: Guid(e4651057538bad5479ced5582ad54bd9) Importer(815301076,1909f56bfc062723c751e8b465ee728b)
Start importing Assets/Scripts/QuizCSVImporter.cs using Guid(e4651057538bad5479ced5582ad54bd9) Importer(815301076,1909f56bfc062723c751e8b465ee728b) (PreviewImporter) -> (artifact id: '00000000000000000000000000000000') in 0.0008926 seconds
Import Error Code:(4)
Message: Build asset version error: assets/scripts/quizcsvimporter.cs in SourceAssetDB has modification time of '2025-10-08T07:49:27.8182292Z' while content on disk has modification time of '2025-10-08T07:49:38.1918141Z'
  ERROR: Build asset version error: assets/scripts/quizcsvimporter.cs in SourceAssetDB has modification time of '2025-10-08T07:49:27.8182292Z' while content on disk has modification time of '2025-10-08T07:49:38.1918141Z'
Number of updated asset objects reloaded before import = 0Number of asset objects unloaded after import = 0

========================================================================
Received Import Request.
  Time since last request: 0.001914 seconds.
  path: Assets/Scripts/QuizCSVImporter.cs
  artifactKey: Guid(e4651057538bad5479ced5582ad54bd9) Importer(815301076,1909f56bfc062723c751e8b465ee728b)
Start importing Assets/Scripts/QuizCSVImporter.cs using Guid(e4651057538bad5479ced5582ad54bd9) Importer(815301076,1909f56bfc062723c751e8b465ee728b) (PreviewImporter) -> (artifact id: '00000000000000000000000000000000') in 0.0013199 seconds
Import Error Code:(4)
Message: Build asset version error: assets/scripts/quizcsvimporter.cs in SourceAssetDB has modification time of '2025-10-08T07:49:27.8182292Z' while content on disk has modification time of '2025-10-08T07:49:38.1918141Z'
  ERROR: Build asset version error: assets/scripts/quizcsvimporter.cs in SourceAssetDB has modification time of '2025-10-08T07:49:27.8182292Z' while content on disk has modification time of '2025-10-08T07:49:38.1918141Z'
Number of updated asset objects reloaded before import = 0Number of asset objects unloaded after import = 0

========================================================================
Received Import Request.
  Time since last request: 0.000620 seconds.
  path: Assets/Scripts/QuizCSVImporter.cs
  artifactKey: Guid(e4651057538bad5479ced5582ad54bd9) Importer(815301076,1909f56bfc062723c751e8b465ee728b)
Start importing Assets/Scripts/QuizCSVImporter.cs using Guid(e4651057538bad5479ced5582ad54bd9) Importer(815301076,1909f56bfc062723c751e8b465ee728b) (PreviewImporter) -> (artifact id: '00000000000000000000000000000000') in 0.000716 seconds
Import Error Code:(4)
Message: Build asset version error: assets/scripts/quizcsvimporter.cs in SourceAssetDB has modification time of '2025-10-08T07:49:27.8182292Z' while content on disk has modification time of '2025-10-08T07:49:38.1918141Z'
  ERROR: Build asset version error: assets/scripts/quizcsvimporter.cs in SourceAssetDB has modification time of '2025-10-08T07:49:27.8182292Z' while content on disk has modification time of '2025-10-08T07:49:38.1918141Z'
Number of updated asset objects reloaded before import = 0Number of asset objects unloaded after import = 0

========================================================================
Received Import Request.
  Time since last request: 0.001961 seconds.
  path: Assets/Scripts/QuizCSVImporter.cs
  artifactKey: Guid(e4651057538bad5479ced5582ad54bd9) Importer(815301076,1909f56bfc062723c751e8b465ee728b)
Start importing Assets/Scripts/QuizCSVImporter.cs using Guid(e4651057538bad5479ced5582ad54bd9) Importer(815301076,1909f56bfc062723c751e8b465ee728b) (PreviewImporter) -> (artifact id: '00000000000000000000000000000000') in 0.0010697 seconds
Import Error Code:(4)
Message: Build asset version error: assets/scripts/quizcsvimporter.cs in SourceAssetDB has modification time of '2025-10-08T07:49:27.8182292Z' while content on disk has modification time of '2025-10-08T07:49:38.1918141Z'
  ERROR: Build asset version error: assets/scripts/quizcsvimporter.cs in SourceAssetDB has modification time of '2025-10-08T07:49:27.8182292Z' while content on disk has modification time of '2025-10-08T07:49:38.1918141Z'
Number of updated asset objects reloaded before import = 0Number of asset objects unloaded after import = 0

========================================================================
Received Import Request.
  Time since last request: 0.001153 seconds.
  path: Assets/Scripts/QuizCSVImporter.cs
  artifactKey: Guid(e4651057538bad5479ced5582ad54bd9) Importer(815301076,1909f56bfc062723c751e8b465ee728b)
Start importing Assets/Scripts/QuizCSVImporter.cs using Guid(e4651057538bad5479ced5582ad54bd9) Importer(815301076,1909f56bfc062723c751e8b465ee728b) (PreviewImporter) -> (artifact id: '00000000000000000000000000000000') in 0.0008093 seconds
Import Error Code:(4)
Message: Build asset version error: assets/scripts/quizcsvimporter.cs in SourceAssetDB has modification time of '2025-10-08T07:49:27.8182292Z' while content on disk has modification time of '2025-10-08T07:49:38.1918141Z'
  ERROR: Build asset version error: assets/scripts/quizcsvimporter.cs in SourceAssetDB has modification time of '2025-10-08T07:49:27.8182292Z' while content on disk has modification time of '2025-10-08T07:49:38.1918141Z'
Number of updated asset objects reloaded before import = 0Number of asset objects unloaded after import = 0

========================================================================
Received Import Request.
  Time since last request: 0.000461 seconds.
  path: Assets/Scripts/QuizCSVImporter.cs
  artifactKey: Guid(e4651057538bad5479ced5582ad54bd9) Importer(815301076,1909f56bfc062723c751e8b465ee728b)
Start importing Assets/Scripts/QuizCSVImporter.cs using Guid(e4651057538bad5479ced5582ad54bd9) Importer(815301076,1909f56bfc062723c751e8b465ee728b) (PreviewImporter) -> (artifact id: '00000000000000000000000000000000') in 0.0009444 seconds
Import Error Code:(4)
Message: Build asset version error: assets/scripts/quizcsvimporter.cs in SourceAssetDB has modification time of '2025-10-08T07:49:27.8182292Z' while content on disk has modification time of '2025-10-08T07:49:38.1918141Z'
  ERROR: Build asset version error: assets/scripts/quizcsvimporter.cs in SourceAssetDB has modification time of '2025-10-08T07:49:27.8182292Z' while content on disk has modification time of '2025-10-08T07:49:38.1918141Z'
Number of updated asset objects reloaded before import = 0Number of asset objects unloaded after import = 0

========================================================================
Received Import Request.
  Time since last request: 0.012554 seconds.
  path: Assets/Scripts/QuizCSVImporter.cs
  artifactKey: Guid(e4651057538bad5479ced5582ad54bd9) Importer(815301076,1909f56bfc062723c751e8b465ee728b)
Start importing Assets/Scripts/QuizCSVImporter.cs using Guid(e4651057538bad5479ced5582ad54bd9) Importer(815301076,1909f56bfc062723c751e8b465ee728b) (PreviewImporter) -> (artifact id: '00000000000000000000000000000000') in 0.0009501 seconds
Import Error Code:(4)
Message: Build asset version error: assets/scripts/quizcsvimporter.cs in SourceAssetDB has modification time of '2025-10-08T07:49:27.8182292Z' while content on disk has modification time of '2025-10-08T07:49:38.1918141Z'
  ERROR: Build asset version error: assets/scripts/quizcsvimporter.cs in SourceAssetDB has modification time of '2025-10-08T07:49:27.8182292Z' while content on disk has modification time of '2025-10-08T07:49:38.1918141Z'
Number of updated asset objects reloaded before import = 0Number of asset objects unloaded after import = 0

========================================================================
Received Import Request.
  Time since last request: 0.010815 seconds.
  path: Assets/Scripts/QuizCSVImporter.cs
  artifactKey: Guid(e4651057538bad5479ced5582ad54bd9) Importer(815301076,1909f56bfc062723c751e8b465ee728b)
Start importing Assets/Scripts/QuizCSVImporter.cs using Guid(e4651057538bad5479ced5582ad54bd9) Importer(815301076,1909f56bfc062723c751e8b465ee728b) (PreviewImporter) -> (artifact id: '00000000000000000000000000000000') in 0.001024 seconds
Import Error Code:(4)
Message: Build asset version error: assets/scripts/quizcsvimporter.cs in SourceAssetDB has modification time of '2025-10-08T07:49:27.8182292Z' while content on disk has modification time of '2025-10-08T07:49:38.1918141Z'
  ERROR: Build asset version error: assets/scripts/quizcsvimporter.cs in SourceAssetDB has modification time of '2025-10-08T07:49:27.8182292Z' while content on disk has modification time of '2025-10-08T07:49:38.1918141Z'
Number of updated asset objects reloaded before import = 0Number of asset objects unloaded after import = 0

========================================================================
Received Import Request.
  Time since last request: 0.000553 seconds.
  path: Assets/Scripts/QuizCSVImporter.cs
  artifactKey: Guid(e4651057538bad5479ced5582ad54bd9) Importer(815301076,1909f56bfc062723c751e8b465ee728b)
Start importing Assets/Scripts/QuizCSVImporter.cs using Guid(e4651057538bad5479ced5582ad54bd9) Importer(815301076,1909f56bfc062723c751e8b465ee728b) (PreviewImporter) -> (artifact id: '00000000000000000000000000000000') in 0.0009653 seconds
Import Error Code:(4)
Message: Build asset version error: assets/scripts/quizcsvimporter.cs in SourceAssetDB has modification time of '2025-10-08T07:49:27.8182292Z' while content on disk has modification time of '2025-10-08T07:49:38.1918141Z'
  ERROR: Build asset version error: assets/scripts/quizcsvimporter.cs in SourceAssetDB has modification time of '2025-10-08T07:49:27.8182292Z' while content on disk has modification time of '2025-10-08T07:49:38.1918141Z'
Number of updated asset objects reloaded before import = 0Number of asset objects unloaded after import = 0

========================================================================
Received Import Request.
  Time since last request: 0.000473 seconds.
  path: Assets/Scripts/QuizCSVImporter.cs
  artifactKey: Guid(e4651057538bad5479ced5582ad54bd9) Importer(815301076,1909f56bfc062723c751e8b465ee728b)
Start importing Assets/Scripts/QuizCSVImporter.cs using Guid(e4651057538bad5479ced5582ad54bd9) Importer(815301076,1909f56bfc062723c751e8b465ee728b) (PreviewImporter) -> (artifact id: '00000000000000000000000000000000') in 0.0010535 seconds
Import Error Code:(4)
Message: Build asset version error: assets/scripts/quizcsvimporter.cs in SourceAssetDB has modification time of '2025-10-08T07:49:27.8182292Z' while content on disk has modification time of '2025-10-08T07:49:38.1918141Z'
  ERROR: Build asset version error: assets/scripts/quizcsvimporter.cs in SourceAssetDB has modification time of '2025-10-08T07:49:27.8182292Z' while content on disk has modification time of '2025-10-08T07:49:38.1918141Z'
Number of updated asset objects reloaded before import = 0Number of asset objects unloaded after import = 0

========================================================================
Received Import Request.
  Time since last request: 0.001877 seconds.
  path: Assets/Scripts/QuizCSVImporter.cs
  artifactKey: Guid(e4651057538bad5479ced5582ad54bd9) Importer(815301076,1909f56bfc062723c751e8b465ee728b)
Start importing Assets/Scripts/QuizCSVImporter.cs using Guid(e4651057538bad5479ced5582ad54bd9) Importer(815301076,1909f56bfc062723c751e8b465ee728b) (PreviewImporter) -> (artifact id: '00000000000000000000000000000000') in 0.000869 seconds
Import Error Code:(4)
Message: Build asset version error: assets/scripts/quizcsvimporter.cs in SourceAssetDB has modification time of '2025-10-08T07:49:27.8182292Z' while content on disk has modification time of '2025-10-08T07:49:38.1918141Z'
  ERROR: Build asset version error: assets/scripts/quizcsvimporter.cs in SourceAssetDB has modification time of '2025-10-08T07:49:27.8182292Z' while content on disk has modification time of '2025-10-08T07:49:38.1918141Z'
Number of updated asset objects reloaded before import = 0Number of asset objects unloaded after import = 0

========================================================================
Received Import Request.
  Time since last request: 0.001464 seconds.
  path: Assets/Scripts/QuizCSVImporter.cs
  artifactKey: Guid(e4651057538bad5479ced5582ad54bd9) Importer(815301076,1909f56bfc062723c751e8b465ee728b)
Start importing Assets/Scripts/QuizCSVImporter.cs using Guid(e4651057538bad5479ced5582ad54bd9) Importer(815301076,1909f56bfc062723c751e8b465ee728b) (PreviewImporter) -> (artifact id: '00000000000000000000000000000000') in 0.0006217 seconds
Import Error Code:(4)
Message: Build asset version error: assets/scripts/quizcsvimporter.cs in SourceAssetDB has modification time of '2025-10-08T07:49:27.8182292Z' while content on disk has modification time of '2025-10-08T07:49:38.1918141Z'
  ERROR: Build asset version error: assets/scripts/quizcsvimporter.cs in SourceAssetDB has modification time of '2025-10-08T07:49:27.8182292Z' while content on disk has modification time of '2025-10-08T07:49:38.1918141Z'
Number of updated asset objects reloaded before import = 0Number of asset objects unloaded after import = 0

========================================================================
Received Import Request.
  Time since last request: 0.001416 seconds.
  path: Assets/Scripts/QuizCSVImporter.cs
  artifactKey: Guid(e4651057538bad5479ced5582ad54bd9) Importer(815301076,1909f56bfc062723c751e8b465ee728b)
Start importing Assets/Scripts/QuizCSVImporter.cs using Guid(e4651057538bad5479ced5582ad54bd9) Importer(815301076,1909f56bfc062723c751e8b465ee728b) (PreviewImporter) -> (artifact id: '00000000000000000000000000000000') in 0.0008144 seconds
Import Error Code:(4)
Message: Build asset version error: assets/scripts/quizcsvimporter.cs in SourceAssetDB has modification time of '2025-10-08T07:49:27.8182292Z' while content on disk has modification time of '2025-10-08T07:49:38.1918141Z'
  ERROR: Build asset version error: assets/scripts/quizcsvimporter.cs in SourceAssetDB has modification time of '2025-10-08T07:49:27.8182292Z' while content on disk has modification time of '2025-10-08T07:49:38.1918141Z'
Number of updated asset objects reloaded before import = 0Number of asset objects unloaded after import = 0

========================================================================
Received Import Request.
  Time since last request: 0.002390 seconds.
  path: Assets/Scripts/QuizCSVImporter.cs
  artifactKey: Guid(e4651057538bad5479ced5582ad54bd9) Importer(815301076,1909f56bfc062723c751e8b465ee728b)
Start importing Assets/Scripts/QuizCSVImporter.cs using Guid(e4651057538bad5479ced5582ad54bd9) Importer(815301076,1909f56bfc062723c751e8b465ee728b) (PreviewImporter) -> (artifact id: '00000000000000000000000000000000') in 0.0010616 seconds
Import Error Code:(4)
Message: Build asset version error: assets/scripts/quizcsvimporter.cs in SourceAssetDB has modification time of '2025-10-08T07:49:27.8182292Z' while content on disk has modification time of '2025-10-08T07:49:38.1918141Z'
  ERROR: Build asset version error: assets/scripts/quizcsvimporter.cs in SourceAssetDB has modification time of '2025-10-08T07:49:27.8182292Z' while content on disk has modification time of '2025-10-08T07:49:38.1918141Z'
Number of updated asset objects reloaded before import = 0Number of asset objects unloaded after import = 0

========================================================================
Received Import Request.
  Time since last request: 0.013007 seconds.
  path: Assets/Scripts/QuizCSVImporter.cs
  artifactKey: Guid(e4651057538bad5479ced5582ad54bd9) Importer(815301076,1909f56bfc062723c751e8b465ee728b)
Start importing Assets/Scripts/QuizCSVImporter.cs using Guid(e4651057538bad5479ced5582ad54bd9) Importer(815301076,1909f56bfc062723c751e8b465ee728b) (PreviewImporter) -> (artifact id: '00000000000000000000000000000000') in 0.000714 seconds
Import Error Code:(4)
Message: Build asset version error: assets/scripts/quizcsvimporter.cs in SourceAssetDB has modification time of '2025-10-08T07:49:27.8182292Z' while content on disk has modification time of '2025-10-08T07:49:38.1918141Z'
  ERROR: Build asset version error: assets/scripts/quizcsvimporter.cs in SourceAssetDB has modification time of '2025-10-08T07:49:27.8182292Z' while content on disk has modification time of '2025-10-08T07:49:38.1918141Z'
Number of updated asset objects reloaded before import = 0Number of asset objects unloaded after import = 0

========================================================================
Received Import Request.
  Time since last request: 0.010551 seconds.
  path: Assets/Scripts/QuizCSVImporter.cs
  artifactKey: Guid(e4651057538bad5479ced5582ad54bd9) Importer(815301076,1909f56bfc062723c751e8b465ee728b)
Start importing Assets/Scripts/QuizCSVImporter.cs using Guid(e4651057538bad5479ced5582ad54bd9) Importer(815301076,1909f56bfc062723c751e8b465ee728b) (PreviewImporter) -> (artifact id: '00000000000000000000000000000000') in 0.0006954 seconds
Import Error Code:(4)
Message: Build asset version error: assets/scripts/quizcsvimporter.cs in SourceAssetDB has modification time of '2025-10-08T07:49:27.8182292Z' while content on disk has modification time of '2025-10-08T07:49:38.1918141Z'
  ERROR: Build asset version error: assets/scripts/quizcsvimporter.cs in SourceAssetDB has modification time of '2025-10-08T07:49:27.8182292Z' while content on disk has modification time of '2025-10-08T07:49:38.1918141Z'
Number of updated asset objects reloaded before import = 0Number of asset objects unloaded after import = 0

========================================================================
Received Import Request.
  Time since last request: 0.000658 seconds.
  path: Assets/Scripts/QuizCSVImporter.cs
  artifactKey: Guid(e4651057538bad5479ced5582ad54bd9) Importer(815301076,1909f56bfc062723c751e8b465ee728b)
Start importing Assets/Scripts/QuizCSVImporter.cs using Guid(e4651057538bad5479ced5582ad54bd9) Importer(815301076,1909f56bfc062723c751e8b465ee728b) (PreviewImporter) -> (artifact id: '00000000000000000000000000000000') in 0.000781 seconds
Import Error Code:(4)
Message: Build asset version error: assets/scripts/quizcsvimporter.cs in SourceAssetDB has modification time of '2025-10-08T07:49:27.8182292Z' while content on disk has modification time of '2025-10-08T07:49:38.1918141Z'
  ERROR: Build asset version error: assets/scripts/quizcsvimporter.cs in SourceAssetDB has modification time of '2025-10-08T07:49:27.8182292Z' while content on disk has modification time of '2025-10-08T07:49:38.1918141Z'
Number of updated asset objects reloaded before import = 0Number of asset objects unloaded after import = 0

========================================================================
Received Import Request.
  Time since last request: 0.010665 seconds.
  path: Assets/Scripts/QuizCSVImporter.cs
  artifactKey: Guid(e4651057538bad5479ced5582ad54bd9) Importer(815301076,1909f56bfc062723c751e8b465ee728b)
Start importing Assets/Scripts/QuizCSVImporter.cs using Guid(e4651057538bad5479ced5582ad54bd9) Importer(815301076,1909f56bfc062723c751e8b465ee728b) (PreviewImporter) -> (artifact id: '00000000000000000000000000000000') in 0.0007306 seconds
Import Error Code:(4)
Message: Build asset version error: assets/scripts/quizcsvimporter.cs in SourceAssetDB has modification time of '2025-10-08T07:49:27.8182292Z' while content on disk has modification time of '2025-10-08T07:49:38.1918141Z'
  ERROR: Build asset version error: assets/scripts/quizcsvimporter.cs in SourceAssetDB has modification time of '2025-10-08T07:49:27.8182292Z' while content on disk has modification time of '2025-10-08T07:49:38.1918141Z'
Number of updated asset objects reloaded before import = 0Number of asset objects unloaded after import = 0

========================================================================
Received Import Request.
  Time since last request: 0.001626 seconds.
  path: Assets/Scripts/QuizCSVImporter.cs
  artifactKey: Guid(e4651057538bad5479ced5582ad54bd9) Importer(815301076,1909f56bfc062723c751e8b465ee728b)
Start importing Assets/Scripts/QuizCSVImporter.cs using Guid(e4651057538bad5479ced5582ad54bd9) Importer(815301076,1909f56bfc062723c751e8b465ee728b) (PreviewImporter) -> (artifact id: '00000000000000000000000000000000') in 0.000743 seconds
Import Error Code:(4)
Message: Build asset version error: assets/scripts/quizcsvimporter.cs in SourceAssetDB has modification time of '2025-10-08T07:49:27.8182292Z' while content on disk has modification time of '2025-10-08T07:49:38.1918141Z'
  ERROR: Build asset version error: assets/scripts/quizcsvimporter.cs in SourceAssetDB has modification time of '2025-10-08T07:49:27.8182292Z' while content on disk has modification time of '2025-10-08T07:49:38.1918141Z'
Number of updated asset objects reloaded before import = 0Number of asset objects unloaded after import = 0

========================================================================
Received Import Request.
  Time since last request: 0.010097 seconds.
  path: Assets/Scripts/QuizCSVImporter.cs
  artifactKey: Guid(e4651057538bad5479ced5582ad54bd9) Importer(815301076,1909f56bfc062723c751e8b465ee728b)
Start importing Assets/Scripts/QuizCSVImporter.cs using Guid(e4651057538bad5479ced5582ad54bd9) Importer(815301076,1909f56bfc062723c751e8b465ee728b) (PreviewImporter) -> (artifact id: '00000000000000000000000000000000') in 0.000592 seconds
Import Error Code:(4)
Message: Build asset version error: assets/scripts/quizcsvimporter.cs in SourceAssetDB has modification time of '2025-10-08T07:49:27.8182292Z' while content on disk has modification time of '2025-10-08T07:49:38.1918141Z'
  ERROR: Build asset version error: assets/scripts/quizcsvimporter.cs in SourceAssetDB has modification time of '2025-10-08T07:49:27.8182292Z' while content on disk has modification time of '2025-10-08T07:49:38.1918141Z'
Number of updated asset objects reloaded before import = 0Number of asset objects unloaded after import = 0

========================================================================
Received Import Request.
  Time since last request: 0.002358 seconds.
  path: Assets/Scripts/QuizCSVImporter.cs
  artifactKey: Guid(e4651057538bad5479ced5582ad54bd9) Importer(815301076,1909f56bfc062723c751e8b465ee728b)
Start importing Assets/Scripts/QuizCSVImporter.cs using Guid(e4651057538bad5479ced5582ad54bd9) Importer(815301076,1909f56bfc062723c751e8b465ee728b) (PreviewImporter) -> (artifact id: '00000000000000000000000000000000') in 0.0009341 seconds
Import Error Code:(4)
Message: Build asset version error: assets/scripts/quizcsvimporter.cs in SourceAssetDB has modification time of '2025-10-08T07:49:27.8182292Z' while content on disk has modification time of '2025-10-08T07:49:38.1918141Z'
  ERROR: Build asset version error: assets/scripts/quizcsvimporter.cs in SourceAssetDB has modification time of '2025-10-08T07:49:27.8182292Z' while content on disk has modification time of '2025-10-08T07:49:38.1918141Z'
Number of updated asset objects reloaded before import = 0Number of asset objects unloaded after import = 0

========================================================================
Received Import Request.
  Time since last request: 0.000957 seconds.
  path: Assets/Scripts/QuizCSVImporter.cs
  artifactKey: Guid(e4651057538bad5479ced5582ad54bd9) Importer(815301076,1909f56bfc062723c751e8b465ee728b)
Start importing Assets/Scripts/QuizCSVImporter.cs using Guid(e4651057538bad5479ced5582ad54bd9) Importer(815301076,1909f56bfc062723c751e8b465ee728b) (PreviewImporter) -> (artifact id: '00000000000000000000000000000000') in 0.000998 seconds
Import Error Code:(4)
Message: Build asset version error: assets/scripts/quizcsvimporter.cs in SourceAssetDB has modification time of '2025-10-08T07:49:27.8182292Z' while content on disk has modification time of '2025-10-08T07:49:38.1918141Z'
  ERROR: Build asset version error: assets/scripts/quizcsvimporter.cs in SourceAssetDB has modification time of '2025-10-08T07:49:27.8182292Z' while content on disk has modification time of '2025-10-08T07:49:38.1918141Z'
Number of updated asset objects reloaded before import = 0Number of asset objects unloaded after import = 0

========================================================================
Received Import Request.
  Time since last request: 0.001611 seconds.
  path: Assets/Scripts/QuizCSVImporter.cs
  artifactKey: Guid(e4651057538bad5479ced5582ad54bd9) Importer(815301076,1909f56bfc062723c751e8b465ee728b)
Start importing Assets/Scripts/QuizCSVImporter.cs using Guid(e4651057538bad5479ced5582ad54bd9) Importer(815301076,1909f56bfc062723c751e8b465ee728b) (PreviewImporter) -> (artifact id: '00000000000000000000000000000000') in 0.0007337 seconds
Import Error Code:(4)
Message: Build asset version error: assets/scripts/quizcsvimporter.cs in SourceAssetDB has modification time of '2025-10-08T07:49:27.8182292Z' while content on disk has modification time of '2025-10-08T07:49:38.1918141Z'
  ERROR: Build asset version error: assets/scripts/quizcsvimporter.cs in SourceAssetDB has modification time of '2025-10-08T07:49:27.8182292Z' while content on disk has modification time of '2025-10-08T07:49:38.1918141Z'
Number of updated asset objects reloaded before import = 0Number of asset objects unloaded after import = 0

========================================================================
Received Import Request.
  Time since last request: 0.002142 seconds.
  path: Assets/Scripts/QuizCSVImporter.cs
  artifactKey: Guid(e4651057538bad5479ced5582ad54bd9) Importer(815301076,1909f56bfc062723c751e8b465ee728b)
Start importing Assets/Scripts/QuizCSVImporter.cs using Guid(e4651057538bad5479ced5582ad54bd9) Importer(815301076,1909f56bfc062723c751e8b465ee728b) (PreviewImporter) -> (artifact id: '00000000000000000000000000000000') in 0.0008785 seconds
Import Error Code:(4)
Message: Build asset version error: assets/scripts/quizcsvimporter.cs in SourceAssetDB has modification time of '2025-10-08T07:49:27.8182292Z' while content on disk has modification time of '2025-10-08T07:49:38.1918141Z'
  ERROR: Build asset version error: assets/scripts/quizcsvimporter.cs in SourceAssetDB has modification time of '2025-10-08T07:49:27.8182292Z' while content on disk has modification time of '2025-10-08T07:49:38.1918141Z'
Number of updated asset objects reloaded before import = 0Number of asset objects unloaded after import = 0

========================================================================
Received Import Request.
  Time since last request: 0.001975 seconds.
  path: Assets/Scripts/QuizCSVImporter.cs
  artifactKey: Guid(e4651057538bad5479ced5582ad54bd9) Importer(815301076,1909f56bfc062723c751e8b465ee728b)
Start importing Assets/Scripts/QuizCSVImporter.cs using Guid(e4651057538bad5479ced5582ad54bd9) Importer(815301076,1909f56bfc062723c751e8b465ee728b) (PreviewImporter) -> (artifact id: '00000000000000000000000000000000') in 0.0004795 seconds
Import Error Code:(4)
Message: Build asset version error: assets/scripts/quizcsvimporter.cs in SourceAssetDB has modification time of '2025-10-08T07:49:27.8182292Z' while content on disk has modification time of '2025-10-08T07:49:38.1918141Z'
  ERROR: Build asset version error: assets/scripts/quizcsvimporter.cs in SourceAssetDB has modification time of '2025-10-08T07:49:27.8182292Z' while content on disk has modification time of '2025-10-08T07:49:38.1918141Z'
Number of updated asset objects reloaded before import = 0Number of asset objects unloaded after import = 0

========================================================================
Received Import Request.
  Time since last request: 0.002962 seconds.
  path: Assets/Scripts/QuizCSVImporter.cs
  artifactKey: Guid(e4651057538bad5479ced5582ad54bd9) Importer(815301076,1909f56bfc062723c751e8b465ee728b)
Start importing Assets/Scripts/QuizCSVImporter.cs using Guid(e4651057538bad5479ced5582ad54bd9) Importer(815301076,1909f56bfc062723c751e8b465ee728b) (PreviewImporter) -> (artifact id: '00000000000000000000000000000000') in 0.000572 seconds
Import Error Code:(4)
Message: Build asset version error: assets/scripts/quizcsvimporter.cs in SourceAssetDB has modification time of '2025-10-08T07:49:27.8182292Z' while content on disk has modification time of '2025-10-08T07:49:38.1918141Z'
  ERROR: Build asset version error: assets/scripts/quizcsvimporter.cs in SourceAssetDB has modification time of '2025-10-08T07:49:27.8182292Z' while content on disk has modification time of '2025-10-08T07:49:38.1918141Z'
Number of updated asset objects reloaded before import = 0Number of asset objects unloaded after import = 0

========================================================================
Received Import Request.
  Time since last request: 0.002105 seconds.
  path: Assets/Scripts/QuizCSVImporter.cs
  artifactKey: Guid(e4651057538bad5479ced5582ad54bd9) Importer(815301076,1909f56bfc062723c751e8b465ee728b)
Start importing Assets/Scripts/QuizCSVImporter.cs using Guid(e4651057538bad5479ced5582ad54bd9) Importer(815301076,1909f56bfc062723c751e8b465ee728b) (PreviewImporter) -> (artifact id: '00000000000000000000000000000000') in 0.0007005 seconds
Import Error Code:(4)
Message: Build asset version error: assets/scripts/quizcsvimporter.cs in SourceAssetDB has modification time of '2025-10-08T07:49:27.8182292Z' while content on disk has modification time of '2025-10-08T07:49:38.1918141Z'
  ERROR: Build asset version error: assets/scripts/quizcsvimporter.cs in SourceAssetDB has modification time of '2025-10-08T07:49:27.8182292Z' while content on disk has modification time of '2025-10-08T07:49:38.1918141Z'
Number of updated asset objects reloaded before import = 0Number of asset objects unloaded after import = 0

========================================================================
Received Import Request.
  Time since last request: 0.000420 seconds.
  path: Assets/Scripts/QuizCSVImporter.cs
  artifactKey: Guid(e4651057538bad5479ced5582ad54bd9) Importer(815301076,1909f56bfc062723c751e8b465ee728b)
Start importing Assets/Scripts/QuizCSVImporter.cs using Guid(e4651057538bad5479ced5582ad54bd9) Importer(815301076,1909f56bfc062723c751e8b465ee728b) (PreviewImporter) -> (artifact id: '00000000000000000000000000000000') in 0.0011006 seconds
Import Error Code:(4)
Message: Build asset version error: assets/scripts/quizcsvimporter.cs in SourceAssetDB has modification time of '2025-10-08T07:49:27.8182292Z' while content on disk has modification time of '2025-10-08T07:49:38.1918141Z'
  ERROR: Build asset version error: assets/scripts/quizcsvimporter.cs in SourceAssetDB has modification time of '2025-10-08T07:49:27.8182292Z' while content on disk has modification time of '2025-10-08T07:49:38.1918141Z'
Number of updated asset objects reloaded before import = 0Number of asset objects unloaded after import = 0

========================================================================
Received Import Request.
  Time since last request: 0.002192 seconds.
  path: Assets/Scripts/QuizCSVImporter.cs
  artifactKey: Guid(e4651057538bad5479ced5582ad54bd9) Importer(815301076,1909f56bfc062723c751e8b465ee728b)
Start importing Assets/Scripts/QuizCSVImporter.cs using Guid(e4651057538bad5479ced5582ad54bd9) Importer(815301076,1909f56bfc062723c751e8b465ee728b) (PreviewImporter) -> (artifact id: '00000000000000000000000000000000') in 0.000638 seconds
Import Error Code:(4)
Message: Build asset version error: assets/scripts/quizcsvimporter.cs in SourceAssetDB has modification time of '2025-10-08T07:49:27.8182292Z' while content on disk has modification time of '2025-10-08T07:49:38.1918141Z'
  ERROR: Build asset version error: assets/scripts/quizcsvimporter.cs in SourceAssetDB has modification time of '2025-10-08T07:49:27.8182292Z' while content on disk has modification time of '2025-10-08T07:49:38.1918141Z'
Number of updated asset objects reloaded before import = 0Number of asset objects unloaded after import = 0

========================================================================
Received Import Request.
  Time since last request: 0.003784 seconds.
  path: Assets/Scripts/QuizCSVImporter.cs
  artifactKey: Guid(e4651057538bad5479ced5582ad54bd9) Importer(815301076,1909f56bfc062723c751e8b465ee728b)
Start importing Assets/Scripts/QuizCSVImporter.cs using Guid(e4651057538bad5479ced5582ad54bd9) Importer(815301076,1909f56bfc062723c751e8b465ee728b) (PreviewImporter) -> (artifact id: '00000000000000000000000000000000') in 0.0007194 seconds
Import Error Code:(4)
Message: Build asset version error: assets/scripts/quizcsvimporter.cs in SourceAssetDB has modification time of '2025-10-08T07:49:27.8182292Z' while content on disk has modification time of '2025-10-08T07:49:38.1918141Z'
  ERROR: Build asset version error: assets/scripts/quizcsvimporter.cs in SourceAssetDB has modification time of '2025-10-08T07:49:27.8182292Z' while content on disk has modification time of '2025-10-08T07:49:38.1918141Z'
Number of updated asset objects reloaded before import = 0Number of asset objects unloaded after import = 0

========================================================================
Received Import Request.
  Time since last request: 0.009803 seconds.
  path: Assets/Scripts/QuizCSVImporter.cs
  artifactKey: Guid(e4651057538bad5479ced5582ad54bd9) Importer(815301076,1909f56bfc062723c751e8b465ee728b)
Start importing Assets/Scripts/QuizCSVImporter.cs using Guid(e4651057538bad5479ced5582ad54bd9) Importer(815301076,1909f56bfc062723c751e8b465ee728b) (PreviewImporter) -> (artifact id: '00000000000000000000000000000000') in 0.0006968 seconds
Import Error Code:(4)
Message: Build asset version error: assets/scripts/quizcsvimporter.cs in SourceAssetDB has modification time of '2025-10-08T07:49:27.8182292Z' while content on disk has modification time of '2025-10-08T07:49:38.1918141Z'
  ERROR: Build asset version error: assets/scripts/quizcsvimporter.cs in SourceAssetDB has modification time of '2025-10-08T07:49:27.8182292Z' while content on disk has modification time of '2025-10-08T07:49:38.1918141Z'
Number of updated asset objects reloaded before import = 0Number of asset objects unloaded after import = 0

========================================================================
Received Import Request.
  Time since last request: 0.009164 seconds.
  path: Assets/Scripts/QuizCSVImporter.cs
  artifactKey: Guid(e4651057538bad5479ced5582ad54bd9) Importer(815301076,1909f56bfc062723c751e8b465ee728b)
Start importing Assets/Scripts/QuizCSVImporter.cs using Guid(e4651057538bad5479ced5582ad54bd9) Importer(815301076,1909f56bfc062723c751e8b465ee728b) (PreviewImporter) -> (artifact id: '00000000000000000000000000000000') in 0.0007634 seconds
Import Error Code:(4)
Message: Build asset version error: assets/scripts/quizcsvimporter.cs in SourceAssetDB has modification time of '2025-10-08T07:49:27.8182292Z' while content on disk has modification time of '2025-10-08T07:49:38.1918141Z'
  ERROR: Build asset version error: assets/scripts/quizcsvimporter.cs in SourceAssetDB has modification time of '2025-10-08T07:49:27.8182292Z' while content on disk has modification time of '2025-10-08T07:49:38.1918141Z'
Number of updated asset objects reloaded before import = 0Number of asset objects unloaded after import = 0

========================================================================
Received Import Request.
  Time since last request: 0.001476 seconds.
  path: Assets/Scripts/QuizCSVImporter.cs
  artifactKey: Guid(e4651057538bad5479ced5582ad54bd9) Importer(815301076,1909f56bfc062723c751e8b465ee728b)
Start importing Assets/Scripts/QuizCSVImporter.cs using Guid(e4651057538bad5479ced5582ad54bd9) Importer(815301076,1909f56bfc062723c751e8b465ee728b) (PreviewImporter) -> (artifact id: '00000000000000000000000000000000') in 0.0010337 seconds
Import Error Code:(4)
Message: Build asset version error: assets/scripts/quizcsvimporter.cs in SourceAssetDB has modification time of '2025-10-08T07:49:27.8182292Z' while content on disk has modification time of '2025-10-08T07:49:38.1918141Z'
  ERROR: Build asset version error: assets/scripts/quizcsvimporter.cs in SourceAssetDB has modification time of '2025-10-08T07:49:27.8182292Z' while content on disk has modification time of '2025-10-08T07:49:38.1918141Z'
Number of updated asset objects reloaded before import = 0Number of asset objects unloaded after import = 0

========================================================================
Received Import Request.
  Time since last request: 0.009382 seconds.
  path: Assets/Scripts/QuizCSVImporter.cs
  artifactKey: Guid(e4651057538bad5479ced5582ad54bd9) Importer(815301076,1909f56bfc062723c751e8b465ee728b)
Start importing Assets/Scripts/QuizCSVImporter.cs using Guid(e4651057538bad5479ced5582ad54bd9) Importer(815301076,1909f56bfc062723c751e8b465ee728b) (PreviewImporter) -> (artifact id: '00000000000000000000000000000000') in 0.0009315 seconds
Import Error Code:(4)
Message: Build asset version error: assets/scripts/quizcsvimporter.cs in SourceAssetDB has modification time of '2025-10-08T07:49:27.8182292Z' while content on disk has modification time of '2025-10-08T07:49:38.1918141Z'
  ERROR: Build asset version error: assets/scripts/quizcsvimporter.cs in SourceAssetDB has modification time of '2025-10-08T07:49:27.8182292Z' while content on disk has modification time of '2025-10-08T07:49:38.1918141Z'
Number of updated asset objects reloaded before import = 0Number of asset objects unloaded after import = 0

========================================================================
Received Import Request.
  Time since last request: 0.004216 seconds.
  path: Assets/Scripts/QuizCSVImporter.cs
  artifactKey: Guid(e4651057538bad5479ced5582ad54bd9) Importer(815301076,1909f56bfc062723c751e8b465ee728b)
Start importing Assets/Scripts/QuizCSVImporter.cs using Guid(e4651057538bad5479ced5582ad54bd9) Importer(815301076,1909f56bfc062723c751e8b465ee728b) (PreviewImporter) -> (artifact id: '00000000000000000000000000000000') in 0.0013453 seconds
Import Error Code:(4)
Message: Build asset version error: assets/scripts/quizcsvimporter.cs in SourceAssetDB has modification time of '2025-10-08T07:49:27.8182292Z' while content on disk has modification time of '2025-10-08T07:49:38.1918141Z'
  ERROR: Build asset version error: assets/scripts/quizcsvimporter.cs in SourceAssetDB has modification time of '2025-10-08T07:49:27.8182292Z' while content on disk has modification time of '2025-10-08T07:49:38.1918141Z'
Number of updated asset objects reloaded before import = 0Number of asset objects unloaded after import = 0

========================================================================
Received Import Request.
  Time since last request: 0.001010 seconds.
  path: Assets/Scripts/QuizCSVImporter.cs
  artifactKey: Guid(e4651057538bad5479ced5582ad54bd9) Importer(815301076,1909f56bfc062723c751e8b465ee728b)
Start importing Assets/Scripts/QuizCSVImporter.cs using Guid(e4651057538bad5479ced5582ad54bd9) Importer(815301076,1909f56bfc062723c751e8b465ee728b) (PreviewImporter) -> (artifact id: '00000000000000000000000000000000') in 0.0006023 seconds
Import Error Code:(4)
Message: Build asset version error: assets/scripts/quizcsvimporter.cs in SourceAssetDB has modification time of '2025-10-08T07:49:27.8182292Z' while content on disk has modification time of '2025-10-08T07:49:38.1918141Z'
  ERROR: Build asset version error: assets/scripts/quizcsvimporter.cs in SourceAssetDB has modification time of '2025-10-08T07:49:27.8182292Z' while content on disk has modification time of '2025-10-08T07:49:38.1918141Z'
Number of updated asset objects reloaded before import = 0Number of asset objects unloaded after import = 0

========================================================================
Received Import Request.
  Time since last request: 0.003453 seconds.
  path: Assets/Scripts/QuizCSVImporter.cs
  artifactKey: Guid(e4651057538bad5479ced5582ad54bd9) Importer(815301076,1909f56bfc062723c751e8b465ee728b)
Start importing Assets/Scripts/QuizCSVImporter.cs using Guid(e4651057538bad5479ced5582ad54bd9) Importer(815301076,1909f56bfc062723c751e8b465ee728b) (PreviewImporter) -> (artifact id: '00000000000000000000000000000000') in 0.0005886 seconds
Import Error Code:(4)
Message: Build asset version error: assets/scripts/quizcsvimporter.cs in SourceAssetDB has modification time of '2025-10-08T07:49:27.8182292Z' while content on disk has modification time of '2025-10-08T07:49:38.1918141Z'
  ERROR: Build asset version error: assets/scripts/quizcsvimporter.cs in SourceAssetDB has modification time of '2025-10-08T07:49:27.8182292Z' while content on disk has modification time of '2025-10-08T07:49:38.1918141Z'
Number of updated asset objects reloaded before import = 0Number of asset objects unloaded after import = 0

========================================================================
Received Import Request.
  Time since last request: 0.003315 seconds.
  path: Assets/Scripts/QuizCSVImporter.cs
  artifactKey: Guid(e4651057538bad5479ced5582ad54bd9) Importer(815301076,1909f56bfc062723c751e8b465ee728b)
Start importing Assets/Scripts/QuizCSVImporter.cs using Guid(e4651057538bad5479ced5582ad54bd9) Importer(815301076,1909f56bfc062723c751e8b465ee728b) (PreviewImporter) -> (artifact id: '00000000000000000000000000000000') in 0.0006752 seconds
Import Error Code:(4)
Message: Build asset version error: assets/scripts/quizcsvimporter.cs in SourceAssetDB has modification time of '2025-10-08T07:49:27.8182292Z' while content on disk has modification time of '2025-10-08T07:49:38.1918141Z'
  ERROR: Build asset version error: assets/scripts/quizcsvimporter.cs in SourceAssetDB has modification time of '2025-10-08T07:49:27.8182292Z' while content on disk has modification time of '2025-10-08T07:49:38.1918141Z'
Number of updated asset objects reloaded before import = 0Number of asset objects unloaded after import = 0

========================================================================
Received Import Request.
  Time since last request: 0.003196 seconds.
  path: Assets/Scripts/QuizCSVImporter.cs
  artifactKey: Guid(e4651057538bad5479ced5582ad54bd9) Importer(815301076,1909f56bfc062723c751e8b465ee728b)
Start importing Assets/Scripts/QuizCSVImporter.cs using Guid(e4651057538bad5479ced5582ad54bd9) Importer(815301076,1909f56bfc062723c751e8b465ee728b) (PreviewImporter) -> (artifact id: '00000000000000000000000000000000') in 0.0008239 seconds
Import Error Code:(4)
Message: Build asset version error: assets/scripts/quizcsvimporter.cs in SourceAssetDB has modification time of '2025-10-08T07:49:27.8182292Z' while content on disk has modification time of '2025-10-08T07:49:38.1918141Z'
  ERROR: Build asset version error: assets/scripts/quizcsvimporter.cs in SourceAssetDB has modification time of '2025-10-08T07:49:27.8182292Z' while content on disk has modification time of '2025-10-08T07:49:38.1918141Z'
Number of updated asset objects reloaded before import = 0Number of asset objects unloaded after import = 0

========================================================================
Received Import Request.
  Time since last request: 0.001375 seconds.
  path: Assets/Scripts/QuizCSVImporter.cs
  artifactKey: Guid(e4651057538bad5479ced5582ad54bd9) Importer(815301076,1909f56bfc062723c751e8b465ee728b)
Start importing Assets/Scripts/QuizCSVImporter.cs using Guid(e4651057538bad5479ced5582ad54bd9) Importer(815301076,1909f56bfc062723c751e8b465ee728b) (PreviewImporter) -> (artifact id: '00000000000000000000000000000000') in 0.0007028 seconds
Import Error Code:(4)
Message: Build asset version error: assets/scripts/quizcsvimporter.cs in SourceAssetDB has modification time of '2025-10-08T07:49:27.8182292Z' while content on disk has modification time of '2025-10-08T07:49:38.1918141Z'
  ERROR: Build asset version error: assets/scripts/quizcsvimporter.cs in SourceAssetDB has modification time of '2025-10-08T07:49:27.8182292Z' while content on disk has modification time of '2025-10-08T07:49:38.1918141Z'
Number of updated asset objects reloaded before import = 0Number of asset objects unloaded after import = 0

========================================================================
Received Import Request.
  Time since last request: 0.003146 seconds.
  path: Assets/Scripts/QuizCSVImporter.cs
  artifactKey: Guid(e4651057538bad5479ced5582ad54bd9) Importer(815301076,1909f56bfc062723c751e8b465ee728b)
Start importing Assets/Scripts/QuizCSVImporter.cs using Guid(e4651057538bad5479ced5582ad54bd9) Importer(815301076,1909f56bfc062723c751e8b465ee728b) (PreviewImporter) -> (artifact id: '00000000000000000000000000000000') in 0.0007321 seconds
Import Error Code:(4)
Message: Build asset version error: assets/scripts/quizcsvimporter.cs in SourceAssetDB has modification time of '2025-10-08T07:49:27.8182292Z' while content on disk has modification time of '2025-10-08T07:49:38.1918141Z'
  ERROR: Build asset version error: assets/scripts/quizcsvimporter.cs in SourceAssetDB has modification time of '2025-10-08T07:49:27.8182292Z' while content on disk has modification time of '2025-10-08T07:49:38.1918141Z'
Number of updated asset objects reloaded before import = 0Number of asset objects unloaded after import = 0

========================================================================
Received Import Request.
  Time since last request: 0.002373 seconds.
  path: Assets/Scripts/QuizCSVImporter.cs
  artifactKey: Guid(e4651057538bad5479ced5582ad54bd9) Importer(815301076,1909f56bfc062723c751e8b465ee728b)
Start importing Assets/Scripts/QuizCSVImporter.cs using Guid(e4651057538bad5479ced5582ad54bd9) Importer(815301076,1909f56bfc062723c751e8b465ee728b) (PreviewImporter) -> (artifact id: '00000000000000000000000000000000') in 0.0007245 seconds
Import Error Code:(4)
Message: Build asset version error: assets/scripts/quizcsvimporter.cs in SourceAssetDB has modification time of '2025-10-08T07:49:27.8182292Z' while content on disk has modification time of '2025-10-08T07:49:38.1918141Z'
  ERROR: Build asset version error: assets/scripts/quizcsvimporter.cs in SourceAssetDB has modification time of '2025-10-08T07:49:27.8182292Z' while content on disk has modification time of '2025-10-08T07:49:38.1918141Z'
Number of updated asset objects reloaded before import = 0Number of asset objects unloaded after import = 0

========================================================================
Received Import Request.
  Time since last request: 0.002133 seconds.
  path: Assets/Scripts/QuizCSVImporter.cs
  artifactKey: Guid(e4651057538bad5479ced5582ad54bd9) Importer(815301076,1909f56bfc062723c751e8b465ee728b)
Start importing Assets/Scripts/QuizCSVImporter.cs using Guid(e4651057538bad5479ced5582ad54bd9) Importer(815301076,1909f56bfc062723c751e8b465ee728b) (PreviewImporter) -> (artifact id: '00000000000000000000000000000000') in 0.000762 seconds
Import Error Code:(4)
Message: Build asset version error: assets/scripts/quizcsvimporter.cs in SourceAssetDB has modification time of '2025-10-08T07:49:27.8182292Z' while content on disk has modification time of '2025-10-08T07:49:38.1918141Z'
  ERROR: Build asset version error: assets/scripts/quizcsvimporter.cs in SourceAssetDB has modification time of '2025-10-08T07:49:27.8182292Z' while content on disk has modification time of '2025-10-08T07:49:38.1918141Z'
Number of updated asset objects reloaded before import = 0Number of asset objects unloaded after import = 0

========================================================================
Received Import Request.
  Time since last request: 0.003811 seconds.
  path: Assets/Scripts/QuizCSVImporter.cs
  artifactKey: Guid(e4651057538bad5479ced5582ad54bd9) Importer(815301076,1909f56bfc062723c751e8b465ee728b)
Start importing Assets/Scripts/QuizCSVImporter.cs using Guid(e4651057538bad5479ced5582ad54bd9) Importer(815301076,1909f56bfc062723c751e8b465ee728b) (PreviewImporter) -> (artifact id: '00000000000000000000000000000000') in 0.0007692 seconds
Import Error Code:(4)
Message: Build asset version error: assets/scripts/quizcsvimporter.cs in SourceAssetDB has modification time of '2025-10-08T07:49:27.8182292Z' while content on disk has modification time of '2025-10-08T07:49:38.1918141Z'
  ERROR: Build asset version error: assets/scripts/quizcsvimporter.cs in SourceAssetDB has modification time of '2025-10-08T07:49:27.8182292Z' while content on disk has modification time of '2025-10-08T07:49:38.1918141Z'
Number of updated asset objects reloaded before import = 0Number of asset objects unloaded after import = 0

========================================================================
Received Import Request.
  Time since last request: 0.000895 seconds.
  path: Assets/Scripts/QuizCSVImporter.cs
  artifactKey: Guid(e4651057538bad5479ced5582ad54bd9) Importer(815301076,1909f56bfc062723c751e8b465ee728b)
Start importing Assets/Scripts/QuizCSVImporter.cs using Guid(e4651057538bad5479ced5582ad54bd9) Importer(815301076,1909f56bfc062723c751e8b465ee728b) (PreviewImporter) -> (artifact id: '00000000000000000000000000000000') in 0.0010102 seconds
Import Error Code:(4)
Message: Build asset version error: assets/scripts/quizcsvimporter.cs in SourceAssetDB has modification time of '2025-10-08T07:49:27.8182292Z' while content on disk has modification time of '2025-10-08T07:49:38.1918141Z'
  ERROR: Build asset version error: assets/scripts/quizcsvimporter.cs in SourceAssetDB has modification time of '2025-10-08T07:49:27.8182292Z' while content on disk has modification time of '2025-10-08T07:49:38.1918141Z'
Number of updated asset objects reloaded before import = 0Number of asset objects unloaded after import = 0

========================================================================
Received Import Request.
  Time since last request: 0.002535 seconds.
  path: Assets/Scripts/QuizCSVImporter.cs
  artifactKey: Guid(e4651057538bad5479ced5582ad54bd9) Importer(815301076,1909f56bfc062723c751e8b465ee728b)
Start importing Assets/Scripts/QuizCSVImporter.cs using Guid(e4651057538bad5479ced5582ad54bd9) Importer(815301076,1909f56bfc062723c751e8b465ee728b) (PreviewImporter) -> (artifact id: '00000000000000000000000000000000') in 0.0009947 seconds
Import Error Code:(4)
Message: Build asset version error: assets/scripts/quizcsvimporter.cs in SourceAssetDB has modification time of '2025-10-08T07:49:27.8182292Z' while content on disk has modification time of '2025-10-08T07:49:38.1918141Z'
  ERROR: Build asset version error: assets/scripts/quizcsvimporter.cs in SourceAssetDB has modification time of '2025-10-08T07:49:27.8182292Z' while content on disk has modification time of '2025-10-08T07:49:38.1918141Z'
Number of updated asset objects reloaded before import = 0Number of asset objects unloaded after import = 0

========================================================================
Received Import Request.
  Time since last request: 0.001874 seconds.
  path: Assets/Scripts/QuizCSVImporter.cs
  artifactKey: Guid(e4651057538bad5479ced5582ad54bd9) Importer(815301076,1909f56bfc062723c751e8b465ee728b)
Start importing Assets/Scripts/QuizCSVImporter.cs using Guid(e4651057538bad5479ced5582ad54bd9) Importer(815301076,1909f56bfc062723c751e8b465ee728b) (PreviewImporter) -> (artifact id: '00000000000000000000000000000000') in 0.0008231 seconds
Import Error Code:(4)
Message: Build asset version error: assets/scripts/quizcsvimporter.cs in SourceAssetDB has modification time of '2025-10-08T07:49:27.8182292Z' while content on disk has modification time of '2025-10-08T07:49:38.1918141Z'
  ERROR: Build asset version error: assets/scripts/quizcsvimporter.cs in SourceAssetDB has modification time of '2025-10-08T07:49:27.8182292Z' while content on disk has modification time of '2025-10-08T07:49:38.1918141Z'
Number of updated asset objects reloaded before import = 0Number of asset objects unloaded after import = 0

========================================================================
Received Import Request.
  Time since last request: 0.003204 seconds.
  path: Assets/Scripts/QuizCSVImporter.cs
  artifactKey: Guid(e4651057538bad5479ced5582ad54bd9) Importer(815301076,1909f56bfc062723c751e8b465ee728b)
Start importing Assets/Scripts/QuizCSVImporter.cs using Guid(e4651057538bad5479ced5582ad54bd9) Importer(815301076,1909f56bfc062723c751e8b465ee728b) (PreviewImporter) -> (artifact id: '00000000000000000000000000000000') in 0.0005803 seconds
Import Error Code:(4)
Message: Build asset version error: assets/scripts/quizcsvimporter.cs in SourceAssetDB has modification time of '2025-10-08T07:49:27.8182292Z' while content on disk has modification time of '2025-10-08T07:49:38.1918141Z'
  ERROR: Build asset version error: assets/scripts/quizcsvimporter.cs in SourceAssetDB has modification time of '2025-10-08T07:49:27.8182292Z' while content on disk has modification time of '2025-10-08T07:49:38.1918141Z'
Number of updated asset objects reloaded before import = 0Number of asset objects unloaded after import = 0

========================================================================
Received Import Request.
  Time since last request: 0.003809 seconds.
  path: Assets/Scripts/QuizCSVImporter.cs
  artifactKey: Guid(e4651057538bad5479ced5582ad54bd9) Importer(815301076,1909f56bfc062723c751e8b465ee728b)
Start importing Assets/Scripts/QuizCSVImporter.cs using Guid(e4651057538bad5479ced5582ad54bd9) Importer(815301076,1909f56bfc062723c751e8b465ee728b) (PreviewImporter) -> (artifact id: '00000000000000000000000000000000') in 0.0005672 seconds
Import Error Code:(4)
Message: Build asset version error: assets/scripts/quizcsvimporter.cs in SourceAssetDB has modification time of '2025-10-08T07:49:27.8182292Z' while content on disk has modification time of '2025-10-08T07:49:38.1918141Z'
  ERROR: Build asset version error: assets/scripts/quizcsvimporter.cs in SourceAssetDB has modification time of '2025-10-08T07:49:27.8182292Z' while content on disk has modification time of '2025-10-08T07:49:38.1918141Z'
Number of updated asset objects reloaded before import = 0Number of asset objects unloaded after import = 0

========================================================================
Received Import Request.
  Time since last request: 0.003382 seconds.
  path: Assets/Scripts/QuizCSVImporter.cs
  artifactKey: Guid(e4651057538bad5479ced5582ad54bd9) Importer(815301076,1909f56bfc062723c751e8b465ee728b)
Start importing Assets/Scripts/QuizCSVImporter.cs using Guid(e4651057538bad5479ced5582ad54bd9) Importer(815301076,1909f56bfc062723c751e8b465ee728b) (PreviewImporter) -> (artifact id: '00000000000000000000000000000000') in 0.0007808 seconds
Import Error Code:(4)
Message: Build asset version error: assets/scripts/quizcsvimporter.cs in SourceAssetDB has modification time of '2025-10-08T07:49:27.8182292Z' while content on disk has modification time of '2025-10-08T07:49:38.1918141Z'
  ERROR: Build asset version error: assets/scripts/quizcsvimporter.cs in SourceAssetDB has modification time of '2025-10-08T07:49:27.8182292Z' while content on disk has modification time of '2025-10-08T07:49:38.1918141Z'
Number of updated asset objects reloaded before import = 0Number of asset objects unloaded after import = 0

========================================================================
Received Import Request.
  Time since last request: 0.002988 seconds.
  path: Assets/Scripts/QuizCSVImporter.cs
  artifactKey: Guid(e4651057538bad5479ced5582ad54bd9) Importer(815301076,1909f56bfc062723c751e8b465ee728b)
Start importing Assets/Scripts/QuizCSVImporter.cs using Guid(e4651057538bad5479ced5582ad54bd9) Importer(815301076,1909f56bfc062723c751e8b465ee728b) (PreviewImporter) -> (artifact id: '00000000000000000000000000000000') in 0.0006743 seconds
Import Error Code:(4)
Message: Build asset version error: assets/scripts/quizcsvimporter.cs in SourceAssetDB has modification time of '2025-10-08T07:49:27.8182292Z' while content on disk has modification time of '2025-10-08T07:49:38.1918141Z'
  ERROR: Build asset version error: assets/scripts/quizcsvimporter.cs in SourceAssetDB has modification time of '2025-10-08T07:49:27.8182292Z' while content on disk has modification time of '2025-10-08T07:49:38.1918141Z'
Number of updated asset objects reloaded before import = 0Number of asset objects unloaded after import = 0

========================================================================
Received Import Request.
  Time since last request: 0.003162 seconds.
  path: Assets/Scripts/QuizCSVImporter.cs
  artifactKey: Guid(e4651057538bad5479ced5582ad54bd9) Importer(815301076,1909f56bfc062723c751e8b465ee728b)
Start importing Assets/Scripts/QuizCSVImporter.cs using Guid(e4651057538bad5479ced5582ad54bd9) Importer(815301076,1909f56bfc062723c751e8b465ee728b) (PreviewImporter) -> (artifact id: '00000000000000000000000000000000') in 0.0005677 seconds
Import Error Code:(4)
Message: Build asset version error: assets/scripts/quizcsvimporter.cs in SourceAssetDB has modification time of '2025-10-08T07:49:27.8182292Z' while content on disk has modification time of '2025-10-08T07:49:38.1918141Z'
  ERROR: Build asset version error: assets/scripts/quizcsvimporter.cs in SourceAssetDB has modification time of '2025-10-08T07:49:27.8182292Z' while content on disk has modification time of '2025-10-08T07:49:38.1918141Z'
Number of updated asset objects reloaded before import = 0Number of asset objects unloaded after import = 0

========================================================================
Received Import Request.
  Time since last request: 0.003064 seconds.
  path: Assets/Scripts/QuizCSVImporter.cs
  artifactKey: Guid(e4651057538bad5479ced5582ad54bd9) Importer(815301076,1909f56bfc062723c751e8b465ee728b)
Start importing Assets/Scripts/QuizCSVImporter.cs using Guid(e4651057538bad5479ced5582ad54bd9) Importer(815301076,1909f56bfc062723c751e8b465ee728b) (PreviewImporter) -> (artifact id: '00000000000000000000000000000000') in 0.0005481 seconds
Import Error Code:(4)
Message: Build asset version error: assets/scripts/quizcsvimporter.cs in SourceAssetDB has modification time of '2025-10-08T07:49:27.8182292Z' while content on disk has modification time of '2025-10-08T07:49:38.1918141Z'
  ERROR: Build asset version error: assets/scripts/quizcsvimporter.cs in SourceAssetDB has modification time of '2025-10-08T07:49:27.8182292Z' while content on disk has modification time of '2025-10-08T07:49:38.1918141Z'
Number of updated asset objects reloaded before import = 0Number of asset objects unloaded after import = 0

========================================================================
Received Import Request.
  Time since last request: 0.003770 seconds.
  path: Assets/Scripts/QuizCSVImporter.cs
  artifactKey: Guid(e4651057538bad5479ced5582ad54bd9) Importer(815301076,1909f56bfc062723c751e8b465ee728b)
Start importing Assets/Scripts/QuizCSVImporter.cs using Guid(e4651057538bad5479ced5582ad54bd9) Importer(815301076,1909f56bfc062723c751e8b465ee728b) (PreviewImporter) -> (artifact id: '00000000000000000000000000000000') in 0.0006398 seconds
Import Error Code:(4)
Message: Build asset version error: assets/scripts/quizcsvimporter.cs in SourceAssetDB has modification time of '2025-10-08T07:49:27.8182292Z' while content on disk has modification time of '2025-10-08T07:49:38.1918141Z'
  ERROR: Build asset version error: assets/scripts/quizcsvimporter.cs in SourceAssetDB has modification time of '2025-10-08T07:49:27.8182292Z' while content on disk has modification time of '2025-10-08T07:49:38.1918141Z'
Number of updated asset objects reloaded before import = 0Number of asset objects unloaded after import = 0

========================================================================
Received Import Request.
  Time since last request: 0.003381 seconds.
  path: Assets/Scripts/QuizCSVImporter.cs
  artifactKey: Guid(e4651057538bad5479ced5582ad54bd9) Importer(815301076,1909f56bfc062723c751e8b465ee728b)
Start importing Assets/Scripts/QuizCSVImporter.cs using Guid(e4651057538bad5479ced5582ad54bd9) Importer(815301076,1909f56bfc062723c751e8b465ee728b) (PreviewImporter) -> (artifact id: '00000000000000000000000000000000') in 0.0011115 seconds
Import Error Code:(4)
Message: Build asset version error: assets/scripts/quizcsvimporter.cs in SourceAssetDB has modification time of '2025-10-08T07:49:27.8182292Z' while content on disk has modification time of '2025-10-08T07:49:38.1918141Z'
  ERROR: Build asset version error: assets/scripts/quizcsvimporter.cs in SourceAssetDB has modification time of '2025-10-08T07:49:27.8182292Z' while content on disk has modification time of '2025-10-08T07:49:38.1918141Z'
Number of updated asset objects reloaded before import = 0Number of asset objects unloaded after import = 0

========================================================================
Received Import Request.
  Time since last request: 0.002044 seconds.
  path: Assets/Scripts/QuizCSVImporter.cs
  artifactKey: Guid(e4651057538bad5479ced5582ad54bd9) Importer(815301076,1909f56bfc062723c751e8b465ee728b)
Start importing Assets/Scripts/QuizCSVImporter.cs using Guid(e4651057538bad5479ced5582ad54bd9) Importer(815301076,1909f56bfc062723c751e8b465ee728b) (PreviewImporter) -> (artifact id: '00000000000000000000000000000000') in 0.0010452 seconds
Import Error Code:(4)
Message: Build asset version error: assets/scripts/quizcsvimporter.cs in SourceAssetDB has modification time of '2025-10-08T07:49:27.8182292Z' while content on disk has modification time of '2025-10-08T07:49:38.1918141Z'
  ERROR: Build asset version error: assets/scripts/quizcsvimporter.cs in SourceAssetDB has modification time of '2025-10-08T07:49:27.8182292Z' while content on disk has modification time of '2025-10-08T07:49:38.1918141Z'
Number of updated asset objects reloaded before import = 0Number of asset objects unloaded after import = 0

========================================================================
Received Import Request.
  Time since last request: 0.001297 seconds.
  path: Assets/Scripts/QuizCSVImporter.cs
  artifactKey: Guid(e4651057538bad5479ced5582ad54bd9) Importer(815301076,1909f56bfc062723c751e8b465ee728b)
Start importing Assets/Scripts/QuizCSVImporter.cs using Guid(e4651057538bad5479ced5582ad54bd9) Importer(815301076,1909f56bfc062723c751e8b465ee728b) (PreviewImporter) -> (artifact id: '00000000000000000000000000000000') in 0.0007247 seconds
Import Error Code:(4)
Message: Build asset version error: assets/scripts/quizcsvimporter.cs in SourceAssetDB has modification time of '2025-10-08T07:49:27.8182292Z' while content on disk has modification time of '2025-10-08T07:49:38.1918141Z'
  ERROR: Build asset version error: assets/scripts/quizcsvimporter.cs in SourceAssetDB has modification time of '2025-10-08T07:49:27.8182292Z' while content on disk has modification time of '2025-10-08T07:49:38.1918141Z'
Number of updated asset objects reloaded before import = 0Number of asset objects unloaded after import = 0

========================================================================
Received Prepare
WARNING: Shader Unsupported: 'Hidden/Universal Render Pipeline/Terrain/Lit (Base Pass)' - All subshaders removed
WARNING: Shader Did you use #pragma only_renderers and omit this platform?
WARNING: Shader If subshaders removal was intentional, you may have forgotten turning Fallback off?
WARNING: Shader Unsupported: 'Hidden/Universal Render Pipeline/Terrain/Lit (Base Pass)' - All subshaders removed
WARNING: Shader Did you use #pragma only_renderers and omit this platform?
WARNING: Shader If subshaders removal was intentional, you may have forgotten turning Fallback off?
WARNING: Shader Unsupported: 'Universal Render Pipeline/Terrain/Lit' - All subshaders removed
WARNING: Shader Did you use #pragma only_renderers and omit this platform?
WARNING: Shader If subshaders removal was intentional, you may have forgotten turning Fallback off?
WARNING: Shader Unsupported: 'Universal Render Pipeline/Terrain/Lit' - All subshaders removed
WARNING: Shader Did you use #pragma only_renderers and omit this platform?
WARNING: Shader If subshaders removal was intentional, you may have forgotten turning Fallback off?
Refreshing native plugins compatible for Editor in 1.26 ms, found 3 plugins.
Preloading 0 native plugins for Editor in 0.00 ms.
Unloading 66 Unused Serialized files (Serialized files now loaded: 0)
Unloading 8244 unused Assets / (11.2 MB). Loaded Objects now: 8923.
Memory consumption went from 166.3 MB to 155.1 MB.
Total: 15.700900 ms (FindLiveObjects: 1.075500 ms CreateObjectMapping: 0.880100 ms MarkObjects: 6.700300 ms  DeleteObjects: 7.043900 ms)

Prepare: number of updated asset objects reloaded= 0
========================================================================
Received Import Request.
  Time since last request: 1.353294 seconds.
  path: Assets/Scripts/QuizCSVImporter.cs
  artifactKey: Guid(e4651057538bad5479ced5582ad54bd9) Importer(815301076,1909f56bfc062723c751e8b465ee728b)
Start importing Assets/Scripts/QuizCSVImporter.cs using Guid(e4651057538bad5479ced5582ad54bd9) Importer(815301076,1909f56bfc062723c751e8b465ee728b) (PreviewImporter) -> (artifact id: '551571f93780bf3086ec2917f17c173d') in 0.0017761 seconds
Number of updated asset objects reloaded before import = 0Number of asset objects unloaded after import = 0

========================================================================
Received Prepare
Begin MonoManager ReloadAssembly
- Loaded All Assemblies, in  0.711 seconds
Refreshing native plugins compatible for Editor in 0.66 ms, found 3 plugins.
Native extension for WindowsStandalone target not found
[Package Manager] Failed to launch server process. Reason: Unity was launched with the -noUpm command-line argument
[Package Manager] Unable to send message (not connected to server process).
[Package Manager] Cannot connect to Unity Package Manager local server
Error saving file Library/StateCache/LayerSettings/9e/9ecc5c3c162a7aba29bafa64c8b94b7c.json. Error: System.IO.IOException: Sharing violation on path D:\SEMESTER 5\GAME CERDAS\FP\Library\StateCache\LayerSettings\9e\9ecc5c3c162a7aba29bafa64c8b94b7c.json
  at System.IO.FileStream..ctor (System.String path, System.IO.FileMode mode, System.IO.FileAccess access, System.IO.FileShare share, System.Int32 bufferSize, System.Boolean anonymous, System.IO.FileOptions options) [0x0019e] in <152439c387994a8da523328132967f8d>:0 
  at System.IO.FileStream..ctor (System.String path, System.IO.FileMode mode, System.IO.FileAccess access, System.IO.FileShare share, System.Int32 bufferSize, System.IO.FileOptions options) [0x00000] in <152439c387994a8da523328132967f8d>:0 
  at (wrapper remoting-invoke-with-check) System.IO.FileStream..ctor(string,System.IO.FileMode,System.IO.FileAccess,System.IO.FileShare,int,System.IO.FileOptions)
  at System.IO.StreamWriter..ctor (System.String path, System.Boolean append, System.Text.Encoding encoding, System.Int32 bufferSize) [0x00055] in <152439c387994a8da523328132967f8d>:0 
  at System.IO.StreamWriter..ctor (System.String path, System.Boolean append, System.Text.Encoding encoding) [0x00000] in <152439c387994a8da523328132967f8d>:0 
  at (wrapper remoting-invoke-with-check) System.IO.StreamWriter..ctor(string,bool,System.Text.Encoding)
  at System.IO.File.WriteAllText (System.String path, System.String contents, System.Text.Encoding encoding) [0x00034] in <152439c387994a8da523328132967f8d>:0 
  at UnityEditor.StateCache`1[T].SetState (UnityEngine.Hash128 key, T obj) [0x0004b] in <f452aebcfc6a4120a1f2db5e6a15ab5a>:0 
UnityEngine.Debug:ExtractStackTraceNoAlloc (byte*,int,string)
UnityEngine.StackTraceUtility:ExtractStackTrace ()
UnityEngine.DebugLogHandler:Internal_Log (UnityEngine.LogType,UnityEngine.LogOption,string,UnityEngine.Object)
UnityEngine.DebugLogHandler:LogFormat (UnityEngine.LogType,UnityEngine.Object,string,object[])
UnityEngine.Logger:Log (UnityEngine.LogType,object)
UnityEngine.Debug:LogError (object)
UnityEditor.StateCache`1<UnityEditor.Tools/LayerSettings>:SetState (UnityEngine.Hash128,UnityEditor.Tools/LayerSettings)
UnityEditor.Tools:set_lockedLayers (int)
UnityEditor.Tools:OnEnable ()
UnityEngine.ScriptableObject:CreateScriptableObjectInstanceFromType (System.Type,bool)
UnityEngine.ScriptableObject:CreateInstance (System.Type)
UnityEngine.ScriptableObject:CreateInstance<UnityEditor.Tools> ()
UnityEditor.Tools:get_get ()
UnityEditor.Tools:get_visibleLayers ()
UnityEditor.Animations.Rigging.BoneRendererUtils:.cctor () (at ./Library/PackageCache/com.unity.animation.rigging@68167b505d2b/Editor/Utils/BoneRendererUtils.cs:121)
System.Runtime.CompilerServices.RuntimeHelpers:RunClassConstructor (System.RuntimeTypeHandle)
UnityEditor.EditorAssemblies:ProcessInitializeOnLoadAttributes (System.Type[])

(Filename: ./Library/PackageCache/com.unity.animation.rigging@68167b505d2b/Editor/Utils/BoneRendererUtils.cs Line: 121)

[MODES] ModeService[none].Initialize
[MODES] ModeService[none].LoadModes
Error saving file Library/StateCache/LayerSettings/9e/9ecc5c3c162a7aba29bafa64c8b94b7c.json. Error: System.IO.IOException: Sharing violation on path D:\SEMESTER 5\GAME CERDAS\FP\Library\StateCache\LayerSettings\9e\9ecc5c3c162a7aba29bafa64c8b94b7c.json
  at System.IO.FileStream..ctor (System.String path, System.IO.FileMode mode, System.IO.FileAccess access, System.IO.FileShare share, System.Int32 bufferSize, System.Boolean anonymous, System.IO.FileOptions options) [0x0019e] in <152439c387994a8da523328132967f8d>:0 
  at System.IO.FileStream..ctor (System.String path, System.IO.FileMode mode, System.IO.FileAccess access, System.IO.FileShare share, System.Int32 bufferSize, System.IO.FileOptions options) [0x00000] in <152439c387994a8da523328132967f8d>:0 
  at (wrapper remoting-invoke-with-check) System.IO.FileStream..ctor(string,System.IO.FileMode,System.IO.FileAccess,System.IO.FileShare,int,System.IO.FileOptions)
  at System.IO.StreamWriter..ctor (System.String path, System.Boolean append, System.Text.Encoding encoding, System.Int32 bufferSize) [0x00055] in <152439c387994a8da523328132967f8d>:0 
  at System.IO.StreamWriter..ctor (System.String path, System.Boolean append, System.Text.Encoding encoding) [0x00000] in <152439c387994a8da523328132967f8d>:0 
  at (wrapper remoting-invoke-with-check) System.IO.StreamWriter..ctor(string,bool,System.Text.Encoding)
  at System.IO.File.WriteAllText (System.String path, System.String contents, System.Text.Encoding encoding) [0x00034] in <152439c387994a8da523328132967f8d>:0 
  at UnityEditor.StateCache`1[T].SetState (UnityEngine.Hash128 key, T obj) [0x0004b] in <f452aebcfc6a4120a1f2db5e6a15ab5a>:0 
UnityEngine.Debug:ExtractStackTraceNoAlloc (byte*,int,string)
UnityEngine.StackTraceUtility:ExtractStackTrace ()
UnityEngine.DebugLogHandler:Internal_Log (UnityEngine.LogType,UnityEngine.LogOption,string,UnityEngine.Object)
UnityEngine.DebugLogHandler:LogFormat (UnityEngine.LogType,UnityEngine.Object,string,object[])
UnityEngine.Logger:Log (UnityEngine.LogType,object)
UnityEngine.Debug:LogError (object)
UnityEditor.StateCache`1<UnityEditor.Tools/LayerSettings>:SetState (UnityEngine.Hash128,UnityEditor.Tools/LayerSettings)
UnityEditor.Tools:set_lockedLayers (int)
UnityEditor.Tools:OnEnable ()

Error saving file Library/StateCache/LayerSettings/9e/9ecc5c3c162a7aba29bafa64c8b94b7c.json. Error: System.IO.IOException: Sharing violation on path D:\SEMESTER 5\GAME CERDAS\FP\Library\StateCache\LayerSettings\9e\9ecc5c3c162a7aba29bafa64c8b94b7c.json
  at System.IO.FileStream..ctor (System.String path, System.IO.FileMode mode, System.IO.FileAccess access, System.IO.FileShare share, System.Int32 bufferSize, System.Boolean anonymous, System.IO.FileOptions options) [0x0019e] in <152439c387994a8da523328132967f8d>:0 
  at System.IO.FileStream..ctor (System.String path, System.IO.FileMode mode, System.IO.FileAccess access, System.IO.FileShare share, System.Int32 bufferSize, System.IO.FileOptions options) [0x00000] in <152439c387994a8da523328132967f8d>:0 
  at (wrapper remoting-invoke-with-check) System.IO.FileStream..ctor(string,System.IO.FileMode,System.IO.FileAccess,System.IO.FileShare,int,System.IO.FileOptions)
  at System.IO.StreamWriter..ctor (System.String path, System.Boolean append, System.Text.Encoding encoding, System.Int32 bufferSize) [0x00055] in <152439c387994a8da523328132967f8d>:0 
  at System.IO.StreamWriter..ctor (System.String path, System.Boolean append, System.Text.Encoding encoding) [0x00000] in <152439c387994a8da523328132967f8d>:0 
  at (wrapper remoting-invoke-with-check) System.IO.StreamWriter..ctor(string,bool,System.Text.Encoding)
  at System.IO.File.WriteAllText (System.String path, System.String contents, System.Text.Encoding encoding) [0x00034] in <152439c387994a8da523328132967f8d>:0 
  at UnityEditor.StateCache`1[T].SetState (UnityEngine.Hash128 key, T obj) [0x0004b] in <f452aebcfc6a4120a1f2db5e6a15ab5a>:0 
UnityEngine.Debug:ExtractStackTraceNoAlloc (byte*,int,string)
UnityEngine.StackTraceUtility:ExtractStackTrace ()
UnityEngine.DebugLogHandler:Internal_Log (UnityEngine.LogType,UnityEngine.LogOption,string,UnityEngine.Object)
UnityEngine.DebugLogHandler:LogFormat (UnityEngine.LogType,UnityEngine.Object,string,object[])
UnityEngine.Logger:Log (UnityEngine.LogType,object)
UnityEngine.Debug:LogError (object)
UnityEditor.StateCache`1<UnityEditor.Tools/LayerSettings>:SetState (UnityEngine.Hash128,UnityEditor.Tools/LayerSettings)
UnityEditor.Tools:set_lockedLayers (int)
UnityEditor.Tools:OnEnable ()

Mono: successfully reloaded assembly
- Finished resetting the current domain, in  0.794 seconds
Domain Reload Profiling: 1509ms
	BeginReloadAssembly (204ms)
		ExecutionOrderSort (0ms)
		DisableScriptedObjects (5ms)
		BackupInstance (0ms)
		ReleaseScriptingObjects (0ms)
		CreateAndSetChildDomain (49ms)
	RebuildCommonClasses (33ms)
	RebuildNativeTypeToScriptingClass (11ms)
	initialDomainReloadingComplete (22ms)
	LoadAllAssembliesAndSetupDomain (446ms)
		LoadAssemblies (330ms)
		RebuildTransferFunctionScriptingTraits (0ms)
		AnalyzeDomain (218ms)
			TypeCache.Refresh (11ms)
				TypeCache.ScanAssembly (1ms)
			BuildScriptInfoCaches (190ms)
			ResolveRequiredComponents (11ms)
	FinalizeReload (794ms)
		ReleaseScriptCaches (0ms)
		RebuildScriptCaches (0ms)
		SetupLoadedEditorAssemblies (653ms)
			LogAssemblyErrors (0ms)
			InitializePlatformSupportModulesInManaged (3ms)
			SetLoadedEditorAssemblies (4ms)
			BeforeProcessingInitializeOnLoad (138ms)
			ProcessInitializeOnLoadAttributes (457ms)
			ProcessInitializeOnLoadMethodAttributes (49ms)
			AfterProcessingInitializeOnLoad (1ms)
			EditorAssembliesLoaded (0ms)
		ExecutionOrderSort2 (0ms)
		AwakeInstancesAfterBackupRestoration (14ms)
WARNING: Shader Unsupported: 'Hidden/Universal Render Pipeline/Terrain/Lit (Base Pass)' - All subshaders removed
WARNING: Shader Did you use #pragma only_renderers and omit this platform?
WARNING: Shader If subshaders removal was intentional, you may have forgotten turning Fallback off?
WARNING: Shader Unsupported: 'Hidden/Universal Render Pipeline/Terrain/Lit (Base Pass)' - All subshaders removed
WARNING: Shader Did you use #pragma only_renderers and omit this platform?
WARNING: Shader If subshaders removal was intentional, you may have forgotten turning Fallback off?
WARNING: Shader Unsupported: 'Universal Render Pipeline/Terrain/Lit' - All subshaders removed
WARNING: Shader Did you use #pragma only_renderers and omit this platform?
WARNING: Shader If subshaders removal was intentional, you may have forgotten turning Fallback off?
WARNING: Shader Unsupported: 'Universal Render Pipeline/Terrain/Lit' - All subshaders removed
WARNING: Shader Did you use #pragma only_renderers and omit this platform?
WARNING: Shader If subshaders removal was intentional, you may have forgotten turning Fallback off?
Refreshing native plugins compatible for Editor in 0.74 ms, found 3 plugins.
Preloading 0 native plugins for Editor in 0.00 ms.
Unloading 66 Unused Serialized files (Serialized files now loaded: 0)
Unloading 8252 unused Assets / (11.0 MB). Loaded Objects now: 8929.
Memory consumption went from 166.0 MB to 155.1 MB.
Total: 11.809100 ms (FindLiveObjects: 0.722800 ms CreateObjectMapping: 1.030300 ms MarkObjects: 4.963100 ms  DeleteObjects: 5.091100 ms)

Prepare: number of updated asset objects reloaded= 0
========================================================================
Received Import Request.
  Time since last request: 534.965122 seconds.
  path: Assets/Scripts/QuizCSVImporter.cs
  artifactKey: Guid(e4651057538bad5479ced5582ad54bd9) Importer(815301076,1909f56bfc062723c751e8b465ee728b)
Start importing Assets/Scripts/QuizCSVImporter.cs using Guid(e4651057538bad5479ced5582ad54bd9) Importer(815301076,1909f56bfc062723c751e8b465ee728b) (PreviewImporter) -> (artifact id: '479220769c51789c9bec58e40542310f') in 0.0040361 seconds
Number of updated asset objects reloaded before import = 0Number of asset objects unloaded after import = 0

========================================================================
Received Import Request.
  Time since last request: 37.972414 seconds.
  path: Assets/TextMesh Pro/Shaders/SDFFunctions.hlsl
  artifactKey: Guid(96de908384869cd409c75efa351d5edf) Importer(815301076,1909f56bfc062723c751e8b465ee728b)
Start importing Assets/TextMesh Pro/Shaders/SDFFunctions.hlsl using Guid(96de908384869cd409c75efa351d5edf) Importer(815301076,1909f56bfc062723c751e8b465ee728b) (PreviewImporter) -> (artifact id: '4e3d0fe6f5acc8d150bfb4bd92821946') in 0.0210731 seconds
Number of updated asset objects reloaded before import = 0Number of asset objects unloaded after import = 1

========================================================================
Received Import Request.
  Time since last request: 0.477867 seconds.
  path: Assets/TextMesh Pro/Shaders/TMPro.cginc
  artifactKey: Guid(407bc68d299748449bbf7f48ee690f8d) Importer(815301076,1909f56bfc062723c751e8b465ee728b)
Start importing Assets/TextMesh Pro/Shaders/TMPro.cginc using Guid(407bc68d299748449bbf7f48ee690f8d) Importer(815301076,1909f56bfc062723c751e8b465ee728b) (PreviewImporter) -> (artifact id: '396a4b8ab0d3aefd022fdabb2ee7ddc5') in 0.0010061 seconds
Number of updated asset objects reloaded before import = 0Number of asset objects unloaded after import = 1

========================================================================
Received Import Request.
  Time since last request: 0.004961 seconds.
  path: Assets/TextMesh Pro/Shaders/TMPro_Properties.cginc
  artifactKey: Guid(3997e2241185407d80309a82f9148466) Importer(815301076,1909f56bfc062723c751e8b465ee728b)
Start importing Assets/TextMesh Pro/Shaders/TMPro_Properties.cginc using Guid(3997e2241185407d80309a82f9148466) Importer(815301076,1909f56bfc062723c751e8b465ee728b) (PreviewImporter) -> (artifact id: '1d90e021f59760b075e931bab8c833a7') in 0.0008874 seconds
Number of updated asset objects reloaded before import = 0Number of asset objects unloaded after import = 1

========================================================================
Received Import Request.
  Time since last request: 0.000418 seconds.
  path: Assets/TextMesh Pro/Shaders/TMPro_Surface.cginc
  artifactKey: Guid(d930090c0cd643c7b55f19a38538c162) Importer(815301076,1909f56bfc062723c751e8b465ee728b)
Start importing Assets/TextMesh Pro/Shaders/TMPro_Surface.cginc using Guid(d930090c0cd643c7b55f19a38538c162) Importer(815301076,1909f56bfc062723c751e8b465ee728b) (PreviewImporter) -> (artifact id: 'c0b70bca9c9f7e05ac840d6f141cee5c') in 0.0009203 seconds
Number of updated asset objects reloaded before import = 0Number of asset objects unloaded after import = 1

========================================================================
Received Import Request.
  Time since last request: 30.510148 seconds.
  path: Assets/Soal/Soal3.asset
  artifactKey: Guid(4367c78a96c4b1842b3bac6e776f0c3a) Importer(815301076,1909f56bfc062723c751e8b465ee728b)
Start importing Assets/Soal/Soal3.asset using Guid(4367c78a96c4b1842b3bac6e776f0c3a) Importer(815301076,1909f56bfc062723c751e8b465ee728b) (PreviewImporter) -> (artifact id: '703c620ecadcad83f86c59ed0a95f350') in 0.0013918 seconds
Number of updated asset objects reloaded before import = 0Number of asset objects unloaded after import = 1

========================================================================
Received Import Request.
  Time since last request: 0.000043 seconds.
  path: Assets/Soal/Soal5.asset
  artifactKey: Guid(23379acc607973a4c814c0c8e9fa3bf5) Importer(815301076,1909f56bfc062723c751e8b465ee728b)
Start importing Assets/Soal/Soal5.asset using Guid(23379acc607973a4c814c0c8e9fa3bf5) Importer(815301076,1909f56bfc062723c751e8b465ee728b) (PreviewImporter) -> (artifact id: '815dd6375b8da29cc7f9aa287a75c73c') in 0.001866 seconds
Number of updated asset objects reloaded before import = 0Number of asset objects unloaded after import = 1

========================================================================
Received Import Request.
  Time since last request: 0.977843 seconds.
  path: Assets/Soal/Generated
  artifactKey: Guid(c2d6fc0b92464c54c8f4c5c544a61982) Importer(815301076,1909f56bfc062723c751e8b465ee728b)
Start importing Assets/Soal/Generated using Guid(c2d6fc0b92464c54c8f4c5c544a61982) Importer(815301076,1909f56bfc062723c751e8b465ee728b) (PreviewImporter) -> (artifact id: 'afd57efec2278fe4c7cee4a35ea034e4') in 0.000525 seconds
Number of updated asset objects reloaded before import = 0Number of asset objects unloaded after import = 0

========================================================================
Received Import Request.
  Time since last request: 0.045195 seconds.
  path: Assets/Soal/Generated/QuizBank.asset
  artifactKey: Guid(6619b5c7701e4c54680749d279fdd5b5) Importer(815301076,1909f56bfc062723c751e8b465ee728b)
Start importing Assets/Soal/Generated/QuizBank.asset using Guid(6619b5c7701e4c54680749d279fdd5b5) Importer(815301076,1909f56bfc062723c751e8b465ee728b) (PreviewImporter) -> (artifact id: '923c34b8fde74d5637d529b43b272539') in 0.0017172 seconds
Number of updated asset objects reloaded before import = 0Number of asset objects unloaded after import = 1

========================================================================
Received Import Request.
  Time since last request: 22.547739 seconds.
  path: Assets/questions_100_math_gk.csv
  artifactKey: Guid(eb3dceda2c0d6eb40899da5e68283c06) Importer(815301076,1909f56bfc062723c751e8b465ee728b)
Start importing Assets/questions_100_math_gk.csv using Guid(eb3dceda2c0d6eb40899da5e68283c06) Importer(815301076,1909f56bfc062723c751e8b465ee728b) (PreviewImporter) -> (artifact id: '18c8dbf10b6653b1439f10bd27eddaa1') in 0.0012205 seconds
Number of updated asset objects reloaded before import = 0Number of asset objects unloaded after import = 1

========================================================================
Received Prepare
Begin MonoManager ReloadAssembly
- Loaded All Assemblies, in  0.723 seconds
Refreshing native plugins compatible for Editor in 0.47 ms, found 3 plugins.
Native extension for WindowsStandalone target not found
[Package Manager] Failed to launch server process. Reason: Unity was launched with the -noUpm command-line argument
[Package Manager] Unable to send message (not connected to server process).
[Package Manager] Cannot connect to Unity Package Manager local server
[MODES] ModeService[none].Initialize
[MODES] ModeService[none].LoadModes
Error saving file Library/StateCache/LayerSettings/9e/9ecc5c3c162a7aba29bafa64c8b94b7c.json. Error: System.IO.IOException: Sharing violation on path D:\SEMESTER 5\GAME CERDAS\FP\Library\StateCache\LayerSettings\9e\9ecc5c3c162a7aba29bafa64c8b94b7c.json
  at System.IO.FileStream..ctor (System.String path, System.IO.FileMode mode, System.IO.FileAccess access, System.IO.FileShare share, System.Int32 bufferSize, System.Boolean anonymous, System.IO.FileOptions options) [0x0019e] in <152439c387994a8da523328132967f8d>:0 
  at System.IO.FileStream..ctor (System.String path, System.IO.FileMode mode, System.IO.FileAccess access, System.IO.FileShare share, System.Int32 bufferSize, System.IO.FileOptions options) [0x00000] in <152439c387994a8da523328132967f8d>:0 
  at (wrapper remoting-invoke-with-check) System.IO.FileStream..ctor(string,System.IO.FileMode,System.IO.FileAccess,System.IO.FileShare,int,System.IO.FileOptions)
  at System.IO.StreamWriter..ctor (System.String path, System.Boolean append, System.Text.Encoding encoding, System.Int32 bufferSize) [0x00055] in <152439c387994a8da523328132967f8d>:0 
  at System.IO.StreamWriter..ctor (System.String path, System.Boolean append, System.Text.Encoding encoding) [0x00000] in <152439c387994a8da523328132967f8d>:0 
  at (wrapper remoting-invoke-with-check) System.IO.StreamWriter..ctor(string,bool,System.Text.Encoding)
  at System.IO.File.WriteAllText (System.String path, System.String contents, System.Text.Encoding encoding) [0x00034] in <152439c387994a8da523328132967f8d>:0 
  at UnityEditor.StateCache`1[T].SetState (UnityEngine.Hash128 key, T obj) [0x0004b] in <f452aebcfc6a4120a1f2db5e6a15ab5a>:0 
UnityEngine.Debug:ExtractStackTraceNoAlloc (byte*,int,string)
UnityEngine.StackTraceUtility:ExtractStackTrace ()
UnityEngine.DebugLogHandler:Internal_Log (UnityEngine.LogType,UnityEngine.LogOption,string,UnityEngine.Object)
UnityEngine.DebugLogHandler:LogFormat (UnityEngine.LogType,UnityEngine.Object,string,object[])
UnityEngine.Logger:Log (UnityEngine.LogType,object)
UnityEngine.Debug:LogError (object)
UnityEditor.StateCache`1<UnityEditor.Tools/LayerSettings>:SetState (UnityEngine.Hash128,UnityEditor.Tools/LayerSettings)
UnityEditor.Tools:set_lockedLayers (int)
UnityEditor.Tools:OnEnable ()

Mono: successfully reloaded assembly
- Finished resetting the current domain, in  0.844 seconds
Domain Reload Profiling: 1571ms
	BeginReloadAssembly (210ms)
		ExecutionOrderSort (0ms)
		DisableScriptedObjects (5ms)
		BackupInstance (0ms)
		ReleaseScriptingObjects (0ms)
		CreateAndSetChildDomain (53ms)
	RebuildCommonClasses (33ms)
	RebuildNativeTypeToScriptingClass (11ms)
	initialDomainReloadingComplete (22ms)
	LoadAllAssembliesAndSetupDomain (450ms)
		LoadAssemblies (342ms)
		RebuildTransferFunctionScriptingTraits (0ms)
		AnalyzeDomain (211ms)
			TypeCache.Refresh (8ms)
				TypeCache.ScanAssembly (0ms)
			BuildScriptInfoCaches (186ms)
			ResolveRequiredComponents (11ms)
	FinalizeReload (845ms)
		ReleaseScriptCaches (0ms)
		RebuildScriptCaches (0ms)
		SetupLoadedEditorAssemblies (698ms)
			LogAssemblyErrors (0ms)
			InitializePlatformSupportModulesInManaged (2ms)
			SetLoadedEditorAssemblies (3ms)
			BeforeProcessingInitializeOnLoad (134ms)
			ProcessInitializeOnLoadAttributes (491ms)
			ProcessInitializeOnLoadMethodAttributes (65ms)
			AfterProcessingInitializeOnLoad (2ms)
			EditorAssembliesLoaded (0ms)
		ExecutionOrderSort2 (0ms)
		AwakeInstancesAfterBackupRestoration (25ms)
WARNING: Shader Unsupported: 'Hidden/Universal Render Pipeline/Terrain/Lit (Base Pass)' - All subshaders removed
WARNING: Shader Did you use #pragma only_renderers and omit this platform?
WARNING: Shader If subshaders removal was intentional, you may have forgotten turning Fallback off?
WARNING: Shader Unsupported: 'Hidden/Universal Render Pipeline/Terrain/Lit (Base Pass)' - All subshaders removed
WARNING: Shader Did you use #pragma only_renderers and omit this platform?
WARNING: Shader If subshaders removal was intentional, you may have forgotten turning Fallback off?
WARNING: Shader Unsupported: 'Universal Render Pipeline/Terrain/Lit' - All subshaders removed
WARNING: Shader Did you use #pragma only_renderers and omit this platform?
WARNING: Shader If subshaders removal was intentional, you may have forgotten turning Fallback off?
WARNING: Shader Unsupported: 'Universal Render Pipeline/Terrain/Lit' - All subshaders removed
WARNING: Shader Did you use #pragma only_renderers and omit this platform?
WARNING: Shader If subshaders removal was intentional, you may have forgotten turning Fallback off?
Refreshing native plugins compatible for Editor in 0.77 ms, found 3 plugins.
Preloading 0 native plugins for Editor in 0.00 ms.
Unloading 66 Unused Serialized files (Serialized files now loaded: 0)
Unloading 8252 unused Assets / (13.4 MB). Loaded Objects now: 8935.
Memory consumption went from 166.1 MB to 152.6 MB.
Total: 15.131600 ms (FindLiveObjects: 0.814600 ms CreateObjectMapping: 0.817200 ms MarkObjects: 5.321000 ms  DeleteObjects: 8.177000 ms)

Prepare: number of updated asset objects reloaded= 0
